statefp,placefp,place,totalpop,black,blackpct
06,44000,"Los Angeles city, California",3949776.0,339659.0,0.08599449690311552
06,53000,"Oakland city, California",417442.0,98681.0,0.23639451708261267
06,66000,"San Diego city, California",1390966.0,84367.0,0.0606535314306748
06,64000,"Sacramento city, California",489650.0,63976.0,0.13065659144286734
06,43000,"Long Beach city, California",470489.0,58260.0,0.12382861235863113
06,36546,"Inglewood city, California",111006.0,45444.0,0.40938327657964435
06,67000,"San Francisco city, California",864263.0,43961.0,0.050865303732775785
06,27000,"Fresno city, California",519037.0,38502.0,0.07417968275864727
06,49270,"Moreno Valley city, California",203691.0,34160.0,0.16770500414844053
06,40130,"Lancaster city, California",160113.0,34026.0,0.21251241310824232
06,75000,"Stockton city, California",304358.0,33699.0,0.11072158444989125
06,15044,"Compton city, California",97847.0,29727.0,0.30381105194845015
06,68000,"San Jose city, California",1023031.0,29147.0,0.02849082774617778
06,65000,"San Bernardino city, California",215252.0,28442.0,0.1321334993403081
06,03526,"Bakersfield city, California",372680.0,26557.0,0.07125952559836857
06,81666,"Vallejo city, California",120599.0,24667.0,0.2045373510559789
06,60620,"Richmond city, California",108853.0,21964.0,0.201776708037445
06,02252,"Antioch city, California",110026.0,21720.0,0.19740788540890336
06,11530,"Carson city, California",92927.0,21145.0,0.2275442013623597
06,32548,"Hawthorne city, California",87425.0,20340.0,0.23265656276808694
06,55156,"Palmdale city, California",157358.0,19357.0,0.12301249380393751
06,82590,"Victorville city, California",121721.0,18486.0,0.1518719037799558
06,62000,"Riverside city, California",321570.0,18271.0,0.05681811114220854
06,22020,"Elk Grove city, California",166228.0,17416.0,0.1047717592703997
06,24680,"Fontana city, California",207086.0,17290.0,0.08349188259949973
06,23182,"Fairfield city, California",112790.0,15836.0,0.1404025179537193
06,59451,"Rancho Cucamonga city, California",174573.0,15339.0,0.08786582117509581
06,33000,"Hayward city, California",156917.0,15278.0,0.09736357437371349
06,84592,"Westmont CDP, California",33532.0,15095.0,0.45016700465227244
06,28168,"Gardena city, California",60096.0,13946.0,0.23206203407880724
06,56000,"Pasadena city, California",141231.0,13743.0,0.09730866452832593
06,60466,"Rialto city, California",102708.0,12131.0,0.11811153951006738
06,13392,"Chula Vista city, California",264101.0,11223.0,0.04249510603897751
06,57456,"Pittsburg city, California",69449.0,11119.0,0.16010309723682126
06,84780,"West Rancho Dominguez CDP, California",23537.0,10768.0,0.45749245868207505
06,06000,"Berkeley city, California",120179.0,10019.0,0.08336731042861066
06,04982,"Bellflower city, California",77852.0,9999.0,0.12843600678209938
06,68084,"San Leandro city, California",89910.0,9998.0,0.11120008897786676
06,01290,"Altadena CDP, California",45236.0,9831.0,0.21732690777257052
06,53896,"Ontario city, California",171041.0,9719.0,0.05682263316982478
06,81554,"Vacaville city, California",96918.0,9707.0,0.10015683361191935
06,02553,"Arden-Arcade CDP, California",98616.0,9481.0,0.09614058570617344
06,58072,"Pomona city, California",152366.0,9165.0,0.06015121483795598
06,82667,"View Park-Windsor Hills CDP, California",11308.0,8936.0,0.7902370003537319
06,53322,"Oceanside city, California",174811.0,8526.0,0.04877267448844752
06,69088,"Santa Clarita city, California",209489.0,8424.0,0.04021213524337793
06,16350,"Corona city, California",163585.0,8133.0,0.04971727236604823
06,48354,"Modesto city, California",210166.0,7876.0,0.03747513869988485
06,02000,"Anaheim city, California",349007.0,7843.0,0.02247232863524227
06,56700,"Perris city, California",75011.0,7227.0,0.0963458692725067
06,26000,"Fremont city, California",230964.0,6729.0,0.029134410557489478
06,00296,"Adelanto city, California",32867.0,6687.0,0.20345635439802842
06,50076,"Murrieta city, California",110043.0,6506.0,0.059122343084067136
06,33182,"Hemet city, California",83604.0,6478.0,0.0774843308932587
06,59444,"Rancho Cordova city, California",70785.0,6470.0,0.09140354594900049
06,51924,"North Highlands CDP, California",47357.0,6295.0,0.13292649449922925
06,75630,"Suisun City city, California",29280.0,6068.0,0.20724043715846996
06,39892,"Lakewood city, California",81106.0,5862.0,0.0722757872413878
06,24498,"Florin CDP, California",49226.0,5783.0,0.11747856823629789
06,00562,"Alameda city, California",78246.0,5734.0,0.07328170130102497
06,44574,"Lynwood city, California",71350.0,5697.0,0.0798458304134548
06,21712,"El Cajon city, California",103314.0,5575.0,0.05396170896490311
06,02364,"Apple Valley town, California",71916.0,5536.0,0.0769786973691529
06,46842,"Menifee city, California",86820.0,5472.0,0.06302695231513476
06,85614,"Willowbrook CDP, California",22654.0,5250.0,0.2317471528206939
06,78120,"Temecula city, California",110722.0,5221.0,0.04715413377648525
06,54652,"Oxnard city, California",206732.0,5080.0,0.024572876961476694
06,11964,"Castro Valley CDP, California",63625.0,5049.0,0.07935559921414538
06,59962,"Redlands city, California",70765.0,5032.0,0.07110859888362892
06,13210,"Chino city, California",85609.0,4893.0,0.05715520564426638
06,55618,"Paramount city, California",55020.0,4789.0,0.08704107597237368
06,21230,"Eastvale city, California",59733.0,4721.0,0.07903503925803157
06,36770,"Irvine city, California",256877.0,4714.0,0.018351195319160532
06,84116,"West Athens CDP, California",8746.0,4675.0,0.5345300708895495
06,24477,"Florence-Graham CDP, California",63821.0,4662.0,0.07304805628241488
06,39108,"Ladera Heights CDP, California",7081.0,4607.0,0.6506143200112978
06,80238,"Tracy city, California",87613.0,4509.0,0.051464965244883754
06,33588,"Highland city, California",54704.0,4453.0,0.08140172565077508
06,46898,"Merced city, California",82008.0,4363.0,0.053202126621792994
06,16000,"Concord city, California",128160.0,4343.0,0.03388732833957553
06,84200,"West Covina city, California",107786.0,4324.0,0.04011652719277086
06,02980,"Ashland CDP, California",24477.0,4296.0,0.17551170486579237
06,33434,"Hesperia city, California",93190.0,4265.0,0.04576671316664878
06,69084,"Santa Clara city, California",124635.0,4242.0,0.03403538331929233
06,52526,"Norwalk city, California",106404.0,4077.0,0.03831622871320627
06,14890,"Colton city, California",54200.0,4074.0,0.07516605166051661
06,33308,"Hercules city, California",25260.0,4048.0,0.16025336500395884
06,70098,"Santa Rosa city, California",174244.0,4035.0,0.023157181882876885
06,81344,"Upland city, California",76155.0,4020.0,0.052787078983651765
06,40004,"La Mesa city, California",59479.0,3954.0,0.06647724406933539
06,73696,"Spring Valley CDP (San Diego County), California",30439.0,3911.0,0.12848648115903938
06,19766,"Downey city, California",113358.0,3908.0,0.034474849591559484
06,70000,"Santa Monica city, California",92495.0,3837.0,0.04148332342288772
06,28000,"Fullerton city, California",139976.0,3800.0,0.02714751100188604
06,17918,"Daly City city, California",106480.0,3788.0,0.03557475582268971
06,68294,"San Pablo city, California",30720.0,3773.0,0.12281901041666667
06,40326,"La Presa CDP, California",36225.0,3715.0,0.10255348516218081
06,04030,"Barstow city, California",23609.0,3707.0,0.15701639205387777
06,81204,"Union City city, California",74354.0,3673.0,0.049398821852220456
06,02210,"Antelope CDP, California",47728.0,3620.0,0.07584646329198794
06,08142,"Brentwood city, California",58828.0,3601.0,0.06121234786156252
06,12552,"Cerritos city, California",50145.0,3598.0,0.07175191943364244
06,13214,"Chino Hills city, California",78025.0,3535.0,0.04530599166933675
06,80000,"Torrance city, California",147190.0,3511.0,0.023853522657789252
06,13588,"Citrus Heights city, California",86618.0,3506.0,0.04047657530767277
06,53070,"Oakley city, California",39950.0,3435.0,0.08598247809762202
06,41124,"Lemon Grove city, California",26645.0,3394.0,0.1273784950272096
06,55800,"Parkway CDP, California",16166.0,3319.0,0.2053074353581591
06,40886,"Lawndale city, California",33191.0,3313.0,0.09981621523907083
06,22804,"Escondido city, California",150783.0,3207.0,0.021268975945564154
06,20956,"East Palo Alto city, California",29646.0,3146.0,0.1061188693246981
06,30000,"Glendale city, California",199750.0,3140.0,0.01571964956195244
06,24638,"Folsom city, California",75897.0,3130.0,0.0412401017168004
06,37692,"Jurupa Valley city, California",102202.0,3087.0,0.03020488835834915
06,14218,"Clovis city, California",104411.0,3009.0,0.028818802616582543
06,17568,"Culver City city, California",39432.0,2966.0,0.07521809697707446
06,11390,"Carmichael CDP, California",65091.0,2955.0,0.04539798128773563
06,45484,"Manteca city, California",75314.0,2882.0,0.038266457763496825
06,09780,"California City city, California",13495.0,2859.0,0.2118562430529826
06,67112,"San Jacinto city, California",46932.0,2854.0,0.06081138668712179
06,42370,"Loma Linda city, California",23961.0,2852.0,0.11902675180501648
06,04758,"Beaumont city, California",43641.0,2841.0,0.06509933319584794
06,39486,"Lake Elsinore city, California",62229.0,2827.0,0.04542898005752945
06,24722,"Foothill Farms CDP, California",33627.0,2815.0,0.08371249293722306
06,82996,"Vista city, California",99496.0,2761.0,0.02774985929082576
06,03820,"Banning city, California",30824.0,2760.0,0.08954061770049312
06,50398,"National City city, California",60715.0,2726.0,0.044898295314172776
06,69000,"Santa Ana city, California",334493.0,2716.0,0.008119751384931822
06,08954,"Burbank city, California",104765.0,2714.0,0.025905598243688256
06,08786,"Buena Park city, California",83020.0,2685.0,0.03234160443266683
06,20018,"Dublin city, California",57022.0,2609.0,0.04575427028164568
06,62910,"Rosemont CDP, California",23700.0,2551.0,0.10763713080168777
06,36000,"Huntington Beach city, California",200415.0,2510.0,0.012524012673702067
06,18394,"Delano city, California",52709.0,2495.0,0.04733536967121364
06,84144,"West Carson CDP, California",22260.0,2481.0,0.111455525606469
06,07218,"Blythe city, California",19486.0,2456.0,0.12603920763625168
06,80994,"Twentynine Palms city, California",25995.0,2421.0,0.093133294864397
06,04415,"Bay Point CDP, California",23708.0,2404.0,0.10140037118272313
06,77000,"Sunnyvale city, California",151565.0,2403.0,0.01585458384191601
06,70742,"Seaside city, California",34259.0,2397.0,0.06996701596660732
06,16224,"Corcoran city, California",22650.0,2384.0,0.10525386313465784
06,68196,"San Marcos city, California",93493.0,2378.0,0.0254350593092531
06,82852,"Vineyard CDP, California",27585.0,2370.0,0.08591625883632409
06,10561,"Camp Pendleton South CDP, California",12770.0,2315.0,0.18128425998433828
06,47766,"Milpitas city, California",75498.0,2266.0,0.030014040107022702
06,50916,"Newark city, California",45554.0,2250.0,0.049391930456161914
06,26067,"French Valley CDP, California",31353.0,2240.0,0.07144451886581826
06,21034,"East Rancho Dominguez CDP, California",16027.0,2228.0,0.1390154114931054
06,31960,"Hanford city, California",55599.0,2206.0,0.039676972607421
06,72520,"Soledad city, California",25603.0,2189.0,0.08549779322735616
06,62938,"Roseville city, California",130705.0,2189.0,0.016747637810336252
06,19192,"Diamond Bar city, California",56600.0,2172.0,0.038374558303886926
06,55254,"Palm Springs city, California",47140.0,2168.0,0.04599066610097582
06,68252,"San Mateo city, California",103500.0,2155.0,0.020821256038647342
06,64224,"Salinas city, California",156811.0,2115.0,0.013487574213543694
06,77364,"Susanville city, California",15286.0,2092.0,0.13685725500457935
06,82954,"Visalia city, California",130047.0,2076.0,0.015963459364691228
06,36448,"Indio city, California",86867.0,2071.0,0.02384104435516364
06,53980,"Orange city, California",140289.0,2025.0,0.014434488805252015
06,42524,"Lompoc city, California",43762.0,2012.0,0.045975960879301676
06,80644,"Tulare city, California",62296.0,1971.0,0.03163927057917041
06,68378,"San Ramon city, California",75048.0,1971.0,0.02626319155740326
06,84816,"West Sacramento city, California",52206.0,1962.0,0.03758188713940926
06,17750,"Cypress city, California",49108.0,1947.0,0.03964730797426081
06,45022,"Madera city, California",64058.0,1945.0,0.030363108432982608
06,12902,"Cherryland CDP, California",15999.0,1945.0,0.12157009813113319
06,41142,"Lemon Hill CDP, California",14182.0,1937.0,0.13658158228740658
06,80854,"Tustin city, California",80007.0,1926.0,0.024072893621808093
06,18996,"Desert Hot Springs city, California",28298.0,1918.0,0.06777864160011308
06,13756,"Claremont city, California",35949.0,1882.0,0.052351943030404184
06,60018,"Redondo Beach city, California",67950.0,1879.0,0.027652685798381163
06,62826,"Rosamond CDP, California",20024.0,1869.0,0.09333799440671195
06,48648,"Monrovia city, California",37138.0,1843.0,0.049625720286499
06,78138,"Temescal Valley CDP, California",25411.0,1825.0,0.07181929085828971
06,57288,"Pinole city, California",19191.0,1820.0,0.09483612109843155
06,46646,"Mead Valley CDP, California",20402.0,1804.0,0.08842270365650426
06,23350,"Fairview CDP, California",10222.0,1796.0,0.17569947172764624
06,16532,"Costa Mesa city, California",112930.0,1790.0,0.015850526875055344
06,13014,"Chico city, California",90660.0,1756.0,0.019369071255239356
06,83542,"Wasco city, California",26378.0,1749.0,0.06630525437864887
06,16742,"Covina city, California",48601.0,1713.0,0.03524618835003395
06,22594,"Emeryville city, California",11524.0,1698.0,0.14734467198889276
06,60102,"Redwood City city, California",84368.0,1693.0,0.02006684999051773
06,72016,"Simi Valley city, California",126546.0,1648.0,0.013022932372417934
06,65042,"San Buenaventura (Ventura) city, California",110153.0,1638.0,0.014870225958439625
06,01640,"American Canyon city, California",20341.0,1617.0,0.0794946167838356
06,29000,"Garden Grove city, California",174812.0,1607.0,0.00919273276434112
06,05290,"Benicia city, California",28011.0,1593.0,0.05687051515476063
06,18100,"Davis city, California",67500.0,1592.0,0.023585185185185185
06,86972,"Yuba City city, California",66229.0,1582.0,0.023886816953298404
06,57792,"Pleasanton city, California",79341.0,1580.0,0.019914041920318624
06,46870,"Menlo Park city, California",33661.0,1575.0,0.04679005377142687
06,84410,"West Hollywood city, California",36148.0,1574.0,0.04354321124266903
06,45778,"Marina city, California",21227.0,1522.0,0.07170113534649268
06,19990,"Duarte city, California",21832.0,1514.0,0.06934774642726273
06,85446,"Wildomar city, California",35492.0,1508.0,0.0424884481009805
06,12048,"Cathedral City city, California",53733.0,1492.0,0.027766921631027487
06,39496,"Lake Forest city, California",81812.0,1476.0,0.018041363125213906
06,13294,"Chowchilla city, California",18314.0,1439.0,0.0785737687015398
06,03666,"Baldwin Park city, California",76572.0,1432.0,0.018701352974977797
06,56112,"Patterson city, California",21497.0,1418.0,0.06596269246871657
06,25114,"Fort Irwin CDP, California",9053.0,1417.0,0.15652269965757207
06,00884,"Alhambra city, California",85168.0,1386.0,0.016273717828292317
06,78582,"Thousand Oaks city, California",128909.0,1368.0,0.010612137244102428
06,68364,"San Rafael city, California",59180.0,1362.0,0.02301453193646502
06,12524,"Ceres city, California",47650.0,1341.0,0.02814270724029381
06,87056,"Yucca Valley town, California",21483.0,1329.0,0.06186286831448122
06,77308,"Sun Village CDP, California",12794.0,1326.0,0.10364233234328592
06,22454,"El Sobrante CDP (Contra Costa County), California",13358.0,1325.0,0.09919149573289415
06,80812,"Turlock city, California",71906.0,1323.0,0.018399020944010237
06,49670,"Mountain View city, California",80076.0,1319.0,0.016471851740846196
06,48256,"Mission Viejo city, California",96535.0,1312.0,0.013590925571036411
06,60704,"Ridgecrest city, California",28728.0,1311.0,0.04563492063492063
06,41152,"Lemoore city, California",25525.0,1307.0,0.05120470127326151
06,21796,"El Cerrito city, California",24982.0,1306.0,0.05227763990072853
06,49582,"Mountain House CDP, California",15010.0,1306.0,0.08700866089273818
06,39612,"Lake Los Angeles CDP, California",11820.0,1280.0,0.10829103214890017
06,46114,"Martinez city, California",37902.0,1265.0,0.033375547464513745
06,40704,"Lathrop city, California",21050.0,1257.0,0.05971496437054632
06,73262,"South San Francisco city, California",67120.0,1245.0,0.01854886769964243
06,59920,"Redding city, California",91236.0,1241.0,0.013602086895523696
06,39248,"Laguna Niguel city, California",65429.0,1238.0,0.01892127344144034
06,62490,"Rodeo CDP, California",10174.0,1235.0,0.12138785138588559
06,40830,"La Verne city, California",32320.0,1227.0,0.03796410891089109
06,71876,"Signal Hill city, California",11508.0,1221.0,0.10610010427528675
06,52582,"Novato city, California",55378.0,1219.0,0.022012351475315106
06,10345,"Campbell city, California",41164.0,1213.0,0.029467495870177825
06,59587,"Rancho Santa Margarita city, California",49078.0,1210.0,0.02465463140307266
06,03386,"Azusa city, California",49029.0,1186.0,0.02418976524097983
06,69070,"Santa Barbara city, California",91443.0,1141.0,0.012477718360071301
06,30014,"Glendora city, California",51891.0,1116.0,0.02150661964502515
06,03162,"Atwater city, California",29118.0,1116.0,0.03832680815990109
06,62364,"Rocklin city, California",61697.0,1109.0,0.017974942055529443
06,70224,"Santee city, California",57376.0,1105.0,0.019258923591745677
06,85292,"Whittier city, California",86852.0,1097.0,0.01263068207985999
06,36294,"Imperial Beach city, California",27270.0,1081.0,0.03964063072973964
06,48788,"Montclair city, California",38613.0,1076.0,0.02786626265765416
06,11691,"Casa de Oro-Mount Helix CDP, California",20196.0,1074.0,0.05317884729649436
06,09878,"Calipatria city, California",7426.0,1064.0,0.14328036628063562
06,40032,"La Mirada city, California",49162.0,1058.0,0.021520686709246978
06,51560,"Norco city, California",26711.0,1040.0,0.038935270113436414
06,41992,"Livermore city, California",88232.0,1039.0,0.011775772962190588
06,11194,"Carlsbad city, California",113147.0,1038.0,0.009173906510998966
06,48872,"Monterey city, California",28671.0,1021.0,0.035610896027344706
06,86244,"Woodcrest CDP, California",16527.0,1020.0,0.06171719005264113
06,69196,"Santa Maria city, California",104791.0,998.0,0.009523718639959539
06,41166,"Lemoore Station CDP, California",6601.0,995.0,0.15073473716103622
06,27130,"Fruitridge Pocket CDP, California",6074.0,968.0,0.15936779716825816
06,78092,"Tehachapi city, California",12948.0,956.0,0.07383379672536299
06,81708,"Valle Vista CDP, California",16672.0,954.0,0.05722168905950096
06,58296,"Port Hueneme city, California",22262.0,952.0,0.0427634534183811
06,01150,"Alondra Park CDP, California",7441.0,948.0,0.12740223088294583
06,54386,"Oroville city, California",18932.0,937.0,0.04949292203676315
06,68154,"San Luis Obispo city, California",46997.0,927.0,0.019724663276379343
06,40410,"La Riviera CDP, California",10693.0,925.0,0.08650519031141868
06,07624,"Bostonia CDP, California",17600.0,925.0,0.052556818181818184
06,42202,"Lodi city, California",64403.0,923.0,0.014331630514106486
06,68112,"San Lorenzo CDP, California",25101.0,903.0,0.03597466236404924
06,83346,"Walnut Creek city, California",68516.0,900.0,0.013135617957849262
06,42468,"Lomita city, California",20707.0,875.0,0.04225624185058193
06,83332,"Walnut city, California",30062.0,870.0,0.0289401902734349
06,00947,"Aliso Viejo city, California",50691.0,856.0,0.016886626817383756
06,19339,"Discovery Bay CDP, California",15525.0,849.0,0.05468599033816425
06,10046,"Camarillo city, California",67116.0,847.0,0.01261994159365874
06,21880,"El Dorado Hills CDP, California",45104.0,847.0,0.018778822277403334
06,16378,"Coronado city, California",24053.0,842.0,0.03500602835405147
06,22457,"El Sobrante CDP (Riverside County), California",14451.0,834.0,0.057712269047124766
06,40256,"La Palma city, California",15814.0,833.0,0.05267484507398508
06,59514,"Rancho Palos Verdes city, California",42463.0,829.0,0.019522878741492593
06,41474,"Lincoln city, California",46404.0,825.0,0.01777863977243341
06,66070,"San Dimas city, California",34334.0,823.0,0.0239704083415856
06,23462,"Fallbrook CDP, California",31121.0,822.0,0.02641303300022493
06,21782,"El Centro city, California",43932.0,819.0,0.01864244741873805
06,40354,"La Quinta city, California",40305.0,813.0,0.020171194640863418
06,55282,"Palo Alto city, California",67082.0,808.0,0.012044959899824096
06,00674,"Albany city, California",19682.0,807.0,0.041001930698099785
06,45820,"Marin City CDP, California",3016.0,805.0,0.26690981432360744
06,55184,"Palm Desert city, California",51675.0,803.0,0.015539429124334784
06,69112,"Santa Cruz city, California",63993.0,801.0,0.012516994046223806
06,29504,"Gilroy city, California",54159.0,799.0,0.014752857327498661
06,84550,"Westminster city, California",91785.0,797.0,0.008683336057089939
06,48452,"Mojave CDP, California",4222.0,796.0,0.18853623874940786
06,02462,"Arcadia city, California",58156.0,790.0,0.013584152967879496
06,32506,"Hawaiian Gardens city, California",14465.0,790.0,0.05461458693397857
06,41572,"Linda CDP, California",19072.0,789.0,0.04136954697986577
06,49278,"Morgan Hill city, California",43136.0,787.0,0.01824462166172107
06,13157,"China Lake Acres CDP, California",2446.0,786.0,0.321340964840556
06,77924,"Tara Hills CDP, California",5160.0,782.0,0.15155038759689923
06,36868,"Isla Vista CDP, California",27484.0,777.0,0.028270994032891864
06,48816,"Montebello city, California",63468.0,767.0,0.012084830150627088
06,86832,"Yorba Linda city, California",67740.0,766.0,0.011307942131679953
06,59052,"Quartz Hill CDP, California",10098.0,763.0,0.07555951673598732
06,73220,"South Pasadena city, California",25974.0,762.0,0.029337029337029336
06,13945,"Clearlake city, California",15061.0,754.0,0.050063076820928226
06,39220,"Laguna Hills city, California",31235.0,745.0,0.02385144869537378
06,86328,"Woodland city, California",58324.0,743.0,0.012739181126123036
06,53448,"Oildale CDP, California",34496.0,729.0,0.021132884972170685
06,36672,"Ione city, California",7161.0,715.0,0.09984639016897082
06,25338,"Foster City city, California",33529.0,708.0,0.021116048793581674
06,54806,"Pacifica city, California",39141.0,708.0,0.0180884494519813
06,56826,"Phelan CDP, California",15123.0,705.0,0.04661773457647292
06,14274,"Coalinga city, California",16612.0,699.0,0.042078015892126175
06,23294,"Fair Oaks CDP, California",30704.0,694.0,0.022602918186555496
06,02896,"Artesia city, California",16853.0,693.0,0.04112027532190114
06,69154,"Santa Fe Springs city, California",17669.0,688.0,0.03893825343822514
06,39290,"La Habra city, California",61965.0,676.0,0.010909384329863632
06,63218,"Rowland Heights CDP, California",50572.0,661.0,0.013070473779957289
06,22300,"El Paso de Robles (Paso Robles) city, California",31409.0,658.0,0.020949409404947626
06,45806,"Marina del Rey CDP, California",9691.0,653.0,0.06738210710968941
06,03302,"Avenal city, California",13119.0,642.0,0.0489366567573748
06,08100,"Brea city, California",41921.0,633.0,0.015099830633811217
06,65028,"San Bruno city, California",43105.0,632.0,0.014661872172601786
06,57526,"Placentia city, California",52294.0,631.0,0.012066393850154894
06,59550,"Rancho San Diego CDP, California",21651.0,630.0,0.029097963142580018
06,22230,"El Monte city, California",115958.0,622.0,0.005364011107469946
06,62546,"Rohnert Park city, California",42305.0,620.0,0.014655478075877556
06,17988,"Danville town, California",44205.0,619.0,0.01400294084379595
06,73906,"Stanford CDP, California",15277.0,613.0,0.040125679125482754
06,41180,"Lennox CDP, California",21537.0,611.0,0.028369782235223105
06,60984,"Rio Vista city, California",8350.0,604.0,0.07233532934131737
06,57764,"Pleasant Hill city, California",34662.0,593.0,0.01710807224049391
06,87042,"Yucaipa city, California",53151.0,578.0,0.010874677804744971
06,30378,"Goleta city, California",30847.0,577.0,0.01870522255000486
06,73080,"South Gate city, California",95420.0,575.0,0.006025990358415427
06,11796,"Castaic CDP, California",19299.0,573.0,0.02969065754702316
06,31596,"Hacienda Heights CDP, California",54155.0,564.0,0.010414550826331826
06,50258,"Napa city, California",79722.0,563.0,0.007062040591053913
06,18352,"Del Aire CDP, California",10614.0,558.0,0.05257207461842849
06,39114,"Ladera Ranch CDP, California",28769.0,550.0,0.019117800410163716
06,00394,"Agoura Hills city, California",20736.0,548.0,0.02642746913580247
06,23042,"Eureka city, California",27024.0,545.0,0.020167258732978092
06,52162,"North Richmond CDP, California",3738.0,543.0,0.14526484751203853
06,51182,"Newport Beach city, California",86793.0,536.0,0.006175613240699135
06,30658,"Grand Terrace city, California",12439.0,529.0,0.04252753436771445
06,39645,"Lake Mathews CDP, California",6402.0,529.0,0.08263042799125274
06,29112,"Garnet CDP, California",5831.0,527.0,0.09037900874635568
06,17946,"Dana Point city, California",34028.0,525.0,0.015428470671211943
06,54092,"Orangevale CDP, California",34467.0,523.0,0.015173934488061045
06,73962,"Stanton city, California",38648.0,519.0,0.01342889670875595
06,04870,"Bell city, California",35942.0,519.0,0.014439930999944355
06,43224,"Los Alamitos city, California",11639.0,518.0,0.0445055417132056
06,74130,"Stevenson Ranch CDP, California",19666.0,517.0,0.02628902674666938
06,73167,"South Monrovia Island CDP, California",6989.0,514.0,0.0735441407926742
06,07064,"Bloomington CDP, California",22377.0,511.0,0.022835947624793313
06,84774,"West Puente Valley CDP, California",23487.0,507.0,0.02158640950312939
06,36280,"Imperial city, California",16931.0,504.0,0.02976788140098045
06,39766,"Lakeside CDP, California",21827.0,498.0,0.022815778622806617
06,49138,"Moorpark city, California",36060.0,492.0,0.013643926788685524
06,36056,"Huntington Park city, California",58993.0,492.0,0.00833997253911481
06,06308,"Beverly Hills city, California",34506.0,469.0,0.013591839100446299
06,44112,"Los Gatos town, California",30709.0,466.0,0.015174704484027484
06,58520,"Poway city, California",49874.0,464.0,0.0093034446805951
06,19402,"Dixon city, California",19488.0,457.0,0.023450328407224958
06,56924,"Pico Rivera city, California",63750.0,457.0,0.007168627450980392
06,59500,"Rancho Mirage city, California",17975.0,456.0,0.025368567454798333
06,85992,"Winter Gardens CDP, California",22237.0,452.0,0.020326482888878894
06,17022,"Crescent City city, California",6751.0,436.0,0.06458302473707599
06,49187,"Moraga town, California",17231.0,436.0,0.025303232545992687
06,65084,"San Clemente city, California",65226.0,433.0,0.006638457057001809
06,20697,"East Hemet CDP, California",19951.0,431.0,0.021602927171570346
06,73700,"Spring Valley Lake CDP, California",7356.0,419.0,0.05696030451332246
06,12734,"Charter Oak CDP, California",9481.0,413.0,0.04356080582217066
06,44028,"Los Banos city, California",37559.0,411.0,0.010942783354189408
06,58240,"Porterville city, California",58782.0,411.0,0.006991936307032765
06,73430,"South Whittier CDP, California",60000.0,410.0,0.006833333333333334
06,60942,"Rio Linda CDP, California",15228.0,409.0,0.026858418702390332
06,16651,"Country Club CDP, California",9914.0,406.0,0.04095218882388541
06,46170,"Marysville city, California",12225.0,402.0,0.032883435582822085
06,56784,"Petaluma city, California",60210.0,396.0,0.006576980568011958
06,71964,"Silver Lakes CDP, California",6437.0,384.0,0.05965511884418207
06,09066,"Burlingame city, California",30401.0,384.0,0.01263116344857077
06,02476,"Arcata city, California",17814.0,381.0,0.021387672617042774
06,59346,"Ramona CDP, California",21871.0,381.0,0.017420328288601343
06,22678,"Encinitas city, California",62595.0,376.0,0.006006869558271427
06,21061,"East Richmond Heights CDP, California",3658.0,370.0,0.10114816839803172
06,30410,"Good Hope CDP, California",9369.0,365.0,0.03895826662397268
06,66140,"San Fernando city, California",24581.0,365.0,0.014848867011106139
06,26028,"French Camp CDP, California",3710.0,365.0,0.09838274932614555
06,40340,"La Puente city, California",40451.0,364.0,0.00899854144520531
06,28112,"Galt city, California",25222.0,359.0,0.01423360558242804
06,54120,"Orcutt CDP, California",30001.0,358.0,0.011932935568814373
06,50132,"Muscoy CDP, California",12968.0,355.0,0.027375077112893276
06,07414,"Bonita CDP, California",13082.0,345.0,0.02637211435560312
06,70686,"Seal Beach city, California",24510.0,337.0,0.013749490004079967
06,03209,"August CDP, California",7942.0,328.0,0.04129942080080584
06,10559,"Camp Pendleton North CDP, California",7443.0,317.0,0.04259035335214295
06,73108,"South Lake Tahoe city, California",21680.0,317.0,0.014621771217712177
06,31393,"Grover Beach city, California",13524.0,316.0,0.02336586808636498
06,00996,"Allendale CDP, California",1403.0,313.0,0.22309337134711332
06,49684,"Mountain View Acres CDP, California",3869.0,307.0,0.07934866890669423
06,33336,"Herlong CDP, California",1440.0,299.0,0.2076388888888889
06,25488,"Franklin CDP (Merced County), California",7471.0,296.0,0.03961986347209209
06,17610,"Cupertino city, California",60687.0,295.0,0.004861008123650864
06,60242,"Reedley city, California",25419.0,289.0,0.011369448050670758
06,57829,"Plumas Lake CDP, California",6976.0,288.0,0.04128440366972477
06,82072,"Vandenberg AFB CDP, California",3450.0,286.0,0.08289855072463768
06,22412,"El Segundo city, California",16929.0,283.0,0.016716876365999174
06,53714,"Olivehurst CDP, California",13500.0,277.0,0.02051851851851852
06,46226,"Mather CDP, California",4201.0,277.0,0.06593668174244227
06,20802,"East Los Angeles CDP, California",123905.0,275.0,0.0022194423146765668
06,08058,"Brawley city, California",25959.0,274.0,0.010555106128895566
06,46400,"Mayfair CDP, California",4953.0,273.0,0.05511811023622047
06,05108,"Belmont city, California",27110.0,272.0,0.010033198081888602
06,73290,"South San Jose Hills CDP, California",20423.0,268.0,0.013122459971600647
06,34302,"Home Gardens CDP, California",11997.0,267.0,0.022255563890972743
06,39598,"Lakeland Village CDP, California",13343.0,265.0,0.019860601064228434
06,54232,"Orinda city, California",19248.0,264.0,0.01371571072319202
06,71106,"Shafter city, California",18433.0,262.0,0.014213638582976184
06,41194,"Lenwood CDP, California",4255.0,260.0,0.06110458284371328
06,51476,"Nipomo CDP, California",16706.0,258.0,0.015443553214413984
06,51140,"Newman city, California",10951.0,258.0,0.0235594922838097
06,25380,"Fountain Valley city, California",56640.0,256.0,0.004519774011299435
06,02168,"Angwin CDP, California",3463.0,249.0,0.07190297429974012
06,52760,"Oak Hills CDP, California",10541.0,248.0,0.02352717958447965
06,08310,"Brisbane city, California",4642.0,248.0,0.05342524773804395
06,34120,"Hollister city, California",37182.0,242.0,0.0065085256306815125
06,19022,"Desert Palms CDP, California",6949.0,242.0,0.034825154698517775
06,48718,"Montalvin Manor CDP, California",2800.0,242.0,0.08642857142857142
06,42412,"Loma Rica CDP, California",3111.0,241.0,0.07746705239472838
06,83850,"Weed city, California",2707.0,239.0,0.08828961950498707
06,46884,"Mentone CDP, California",10129.0,238.0,0.023496890117484452
06,33364,"Hermosa Beach city, California",19750.0,236.0,0.011949367088607594
06,16090,"Contra Costa Centre CDP, California",6440.0,236.0,0.03664596273291926
06,03064,"Atascadero city, California",29797.0,231.0,0.007752458301171259
06,70266,"Saranap CDP, California",6235.0,230.0,0.03688853247794707
06,07379,"Bonadelle Ranchos-Madera Ranchos CDP, California",8647.0,228.0,0.026367526309702786
06,09598,"Calabasas city, California",24169.0,227.0,0.009392196615499194
06,60928,"Rio del Mar CDP, California",9621.0,223.0,0.023178463777154143
06,02042,"Anderson city, California",10176.0,223.0,0.021914308176100628
06,84921,"West Whittier-Los Nietos CDP, California",27002.0,221.0,0.008184578920079994
06,39122,"Lafayette city, California",25792.0,221.0,0.008568548387096774
06,45246,"Malibu city, California",12871.0,219.0,0.017014994949887344
06,67042,"San Gabriel city, California",40315.0,219.0,0.005432221257596428
06,70280,"Saratoga city, California",31013.0,217.0,0.006997065746622384
06,04996,"Bell Gardens city, California",42845.0,216.0,0.0050414284047146695
06,34281,"Home Garden CDP, California",1881.0,215.0,0.11430090377458799
06,41558,"Lincoln Village CDP, California",4931.0,213.0,0.04319610626647739
06,81638,"Valinda CDP, California",25080.0,213.0,0.008492822966507177
06,58870,"Prunedale CDP, California",20928.0,211.0,0.010082186544342508
06,45050,"Madera Acres CDP, California",9947.0,208.0,0.02091082738514125
06,86076,"Winton CDP, California",11487.0,204.0,0.017759206059023244
06,02924,"Arvin city, California",20826.0,204.0,0.00979544799769519
06,21096,"East San Gabriel CDP, California",15832.0,202.0,0.012758969176351692
06,39178,"Laguna Beach city, California",23224.0,201.0,0.008654839820874958
06,16560,"Cotati city, California",7448.0,200.0,0.02685284640171858
06,23616,"Farmersville city, California",10738.0,198.0,0.018439187930713353
06,72954,"South Dos Palos CDP, California",2201.0,197.0,0.08950477055883689
06,30693,"Granite Bay CDP, California",22479.0,196.0,0.008719249076916232
06,52379,"North Tustin CDP, California",25364.0,195.0,0.007688061819902224
06,78148,"Temple City city, California",36214.0,195.0,0.005384657867123212
06,40438,"Larkspur city, California",12367.0,195.0,0.015767769062828497
06,48914,"Monterey Park city, California",61056.0,195.0,0.003193789308176101
06,83668,"Watsonville city, California",53452.0,194.0,0.0036294245304198157
06,54848,"Pacific Grove city, California",15617.0,191.0,0.012230261894089774
06,78596,"Thousand Palms CDP, California",7356.0,187.0,0.02542142468733007
06,14974,"Commerce city, California",12998.0,187.0,0.014386828742883521
06,56938,"Piedmont city, California",11296.0,185.0,0.016377478753541078
06,70364,"Sausalito city, California",7147.0,184.0,0.02574506786064083
06,61068,"Riverbank city, California",24047.0,183.0,0.007610096893583399
06,14260,"Coachella city, California",44382.0,182.0,0.004100761570005858
06,21600,"Edwards AFB CDP, California",2410.0,180.0,0.07468879668049792
06,46520,"Meadowbrook CDP, California",2656.0,180.0,0.0677710843373494
06,81134,"Ukiah city, California",15917.0,178.0,0.011183011874096878
06,82086,"Vandenberg Village CDP, California",7541.0,177.0,0.023471688105025857
06,07568,"Boron CDP, California",2406.0,177.0,0.07356608478802992
06,82815,"Vincent CDP, California",17485.0,177.0,0.010122962539319416
06,68224,"San Marino city, California",13331.0,174.0,0.013052284149726203
06,85208,"Whitewater CDP, California",989.0,174.0,0.17593528816986856
06,64294,"Salton City CDP, California",5487.0,170.0,0.030982321851649352
06,75994,"Sunnyside CDP, California",4454.0,170.0,0.03816793893129771
06,45400,"Manhattan Beach city, California",35698.0,165.0,0.004622107681102583
06,02700,"Armona CDP, California",3730.0,165.0,0.04423592493297587
06,06028,"Bermuda Dunes CDP, California",7243.0,164.0,0.022642551428965898
06,52694,"Oakdale city, California",22256.0,163.0,0.007323867721063982
06,53505,"Old Fig Garden CDP, California",5522.0,161.0,0.029156102861282143
06,23210,"Fairmead CDP, California",2005.0,161.0,0.08029925187032419
06,62644,"Rolling Hills Estates city, California",8229.0,160.0,0.019443431765706648
06,41922,"Live Oak CDP, California",17213.0,159.0,0.009237204438505781
06,81302,"University of California-Davis CDP, California",7221.0,159.0,0.02201911092646448
06,53116,"Oak Park CDP, California",14440.0,159.0,0.011011080332409972
06,33798,"Hillsborough town, California",11436.0,159.0,0.013903462749213011
06,01192,"Alpine CDP, California",14795.0,158.0,0.010679283541737073
06,51294,"Nice CDP, California",2496.0,154.0,0.06169871794871795
06,32340,"Hartley CDP, California",2807.0,152.0,0.054150338439615246
06,62868,"Roseland CDP, California",5717.0,149.0,0.026062620255378696
06,71225,"Shasta Lake city, California",10125.0,148.0,0.014617283950617285
06,77805,"Tamalpais-Homestead Valley CDP, California",10853.0,148.0,0.01363678245646365
06,63316,"Running Springs CDP, California",4427.0,147.0,0.03320533092387622
06,44760,"McClellan Park CDP, California",1060.0,146.0,0.13773584905660377
06,13985,"Clearlake Riviera CDP, California",3616.0,145.0,0.040099557522123894
06,24960,"Forestville CDP, California",3658.0,144.0,0.03936577364680153
06,59080,"Quincy CDP, California",1936.0,143.0,0.07386363636363637
06,30476,"Goshen CDP, California",3561.0,143.0,0.04015725919685482
06,13560,"Citrus CDP, California",11489.0,142.0,0.0123596483593002
06,30994,"Greenfield city, California",17188.0,141.0,0.008203397719339074
06,49362,"Morro Bay city, California",10568.0,140.0,0.013247539742619227
06,85684,"Willows city, California",6055.0,139.0,0.02295623451692816
06,85922,"Windsor town, California",27423.0,137.0,0.004995806439849761
06,08758,"Buellton city, California",5087.0,137.0,0.02693139374877138
06,06928,"Blackhawk CDP, California",9912.0,136.0,0.013720742534301856
06,64210,"Salida CDP, California",14424.0,136.0,0.009428729894620078
06,81967,"Val Verde CDP, California",2928.0,134.0,0.045765027322404374
06,46492,"Maywood city, California",27700.0,132.0,0.004765342960288809
06,57414,"Pismo Beach city, California",8060.0,129.0,0.016004962779156327
06,71806,"Sierra Madre city, California",11061.0,129.0,0.011662598318416057
06,62854,"Rosedale CDP, California",17603.0,127.0,0.007214679316025678
06,00618,"Alamo CDP, California",15521.0,127.0,0.008182462470201662
06,12916,"Cherry Valley CDP, California",7924.0,126.0,0.015901060070671377
06,64140,"St. Helena city, California",6056.0,126.0,0.02080581241743725
06,44826,"McFarland city, California",13930.0,124.0,0.00890165111270639
06,59506,"Rancho Murieta CDP, California",5424.0,123.0,0.02267699115044248
06,22370,"El Rio CDP, California",7229.0,123.0,0.01701480149398257
06,07596,"Borrego Springs CDP, California",2077.0,122.0,0.058738565238324505
06,23000,"Eucalyptus Hills CDP, California",5798.0,122.0,0.02104173853052777
06,17162,"Crestline CDP, California",9581.0,122.0,0.012733535121594823
06,51840,"North Fair Oaks CDP, California",15454.0,121.0,0.007829688106639058
06,59426,"Rancho Calaveras CDP, California",6437.0,120.0,0.0186422246388069
06,16322,"Corning city, California",7550.0,120.0,0.015894039735099338
06,04734,"Bear Valley Springs CDP, California",5389.0,119.0,0.022082018927444796
06,01458,"Alum Rock CDP, California",12128.0,119.0,0.009812005277044854
06,02868,"Arroyo Grande city, California",17971.0,119.0,0.0066217795336931725
06,85880,"Wilton CDP, California",5097.0,118.0,0.023150873062585835
06,47486,"Millbrae city, California",22738.0,117.0,0.005145571290350954
06,65070,"San Carlos city, California",29954.0,116.0,0.0038726046604794016
06,60279,"Reliez Valley CDP, California",3769.0,115.0,0.030512072167683736
06,16462,"Corte Madera town, California",9811.0,115.0,0.01172153705024972
06,59892,"Red Bluff city, California",14111.0,114.0,0.008078803770108426
06,55086,"Palermo CDP, California",5713.0,113.0,0.019779450376334676
06,86230,"Woodbridge CDP, California",3993.0,112.0,0.02804908590032557
06,30345,"Gold River CDP, California",7460.0,110.0,0.014745308310991957
06,44420,"Lucerne Valley CDP, California",5472.0,109.0,0.019919590643274854
06,72674,"Sonora city, California",4824.0,107.0,0.022180762852404643
06,62700,"Rollingwood CDP, California",3477.0,106.0,0.030486051193557663
06,00212,"Acton CDP, California",7278.0,104.0,0.014289640010992031
06,10256,"Cameron Park CDP, California",19706.0,104.0,0.0052775804323556275
06,68308,"San Pasqual CDP, California",1966.0,104.0,0.052899287894201424
06,49651,"Mountain View CDP, California",2398.0,103.0,0.042952460383653045
06,13882,"Clayton city, California",11838.0,102.0,0.008616320324379118
06,70728,"Searles Valley CDP, California",1592.0,101.0,0.06344221105527638
06,09864,"Calimesa city, California",8517.0,101.0,0.011858635669836796
06,48186,"Mission Hills CDP, California",4014.0,101.0,0.025161933233682113
06,25058,"Fort Bragg city, California",7269.0,100.0,0.013757050488375293
06,66004,"San Diego Country Estates CDP, California",10633.0,100.0,0.009404683532399134
06,16580,"Coto de Caza CDP, California",14799.0,100.0,0.006757213325224678
06,61026,"Ripon city, California",15173.0,99.0,0.006524747907467212
06,83612,"Waterford city, California",8786.0,98.0,0.01115410880946961
06,43280,"Los Altos city, California",30527.0,97.0,0.003177514986733056
06,55842,"Parkwood CDP, California",2334.0,95.0,0.04070265638389032
06,20984,"East Pasadena CDP, California",6288.0,95.0,0.015108142493638677
06,37554,"Joshua Tree CDP, California",7020.0,94.0,0.01339031339031339
06,23126,"Exeter city, California",10520.0,94.0,0.008935361216730038
06,19052,"Desert View Highlands CDP, California",2514.0,93.0,0.03699284009546539
06,84578,"West Modesto CDP, California",5786.0,93.0,0.016073280331835464
06,19612,"Dos Palos city, California",5186.0,92.0,0.01774006941766294
06,14190,"Cloverdale city, California",8810.0,92.0,0.010442678774120319
06,56140,"Patton Village CDP, California",638.0,92.0,0.14420062695924765
06,55380,"Palos Verdes Estates city, California",13591.0,89.0,0.006548451180928555
06,77595,"Taft Mosswood CDP, California",1064.0,89.0,0.08364661654135339
06,50734,"Needles city, California",4984.0,88.0,0.01765650080256822
06,20228,"Dunnigan CDP, California",1299.0,87.0,0.06697459584295612
06,31540,"Guinda CDP, California",259.0,87.0,0.3359073359073359
06,84606,"Westmorland city, California",2382.0,84.0,0.03526448362720403
06,10928,"Canyon Lake city, California",11043.0,84.0,0.007606628633523499
06,39724,"Lake San Marcos CDP, California",4924.0,82.0,0.016653127538586516
06,64434,"San Anselmo town, California",12619.0,82.0,0.006498137728821618
06,38086,"Kensington CDP, California",5573.0,82.0,0.014713798672169388
06,62896,"Rosemead city, California",54615.0,82.0,0.0015014190240776343
06,38065,"Kennedy CDP, California",3468.0,81.0,0.023356401384083045
06,10301,"Camino Tassajara CDP, California",3717.0,81.0,0.021791767554479417
06,38520,"King City city, California",13721.0,81.0,0.005903359813424678
06,22622,"Empire CDP, California",4177.0,81.0,0.019391908067991383
06,70770,"Sebastopol city, California",7653.0,80.0,0.010453416960669018
06,82744,"Villa Park city, California",5935.0,80.0,0.013479359730412805
06,07498,"Bonsall CDP, California",4341.0,79.0,0.018198571757659526
06,77574,"Taft city, California",9224.0,79.0,0.008564614050303556
06,84536,"West Menlo Park CDP, California",3744.0,79.0,0.021100427350427352
06,02378,"Aptos CDP, California",5775.0,79.0,0.01367965367965368
06,30686,"Grangeville CDP, California",547.0,78.0,0.1425959780621572
06,16714,"Courtland CDP, California",500.0,76.0,0.152
06,63168,"Rouse CDP, California",2044.0,76.0,0.03718199608610567
06,84438,"Westlake Village city, California",8450.0,75.0,0.008875739644970414
06,09710,"Calexico city, California",39953.0,75.0,0.0018772057167171427
06,07652,"Boulder Creek CDP, California",4359.0,74.0,0.016976370727231016
06,07848,"Boyes Hot Springs CDP, California",7332.0,74.0,0.010092744135297326
06,09360,"Cabazon CDP, California",3928.0,74.0,0.01883910386965377
06,06406,"Big Bear City CDP, California",13186.0,74.0,0.0056120127407856815
06,37120,"Jamul CDP, California",5895.0,73.0,0.012383375742154368
06,17274,"Crockett CDP, California",3142.0,72.0,0.022915340547422024
06,42006,"Livingston city, California",13831.0,71.0,0.005133395994505097
06,18856,"Denair CDP, California",4988.0,71.0,0.014234161988773055
06,81736,"Valley Center CDP, California",9842.0,69.0,0.007010770168664905
06,39259,"Laguna Woods city, California",16314.0,69.0,0.004229496138286134
06,55751,"Parksdale CDP, California",3029.0,69.0,0.022779795311984152
06,39444,"Lake Arrowhead CDP, California",10612.0,69.0,0.006502073124764417
06,57825,"Pleasure Point CDP, California",6381.0,68.0,0.010656636890769473
06,38114,"Kentfield CDP, California",6927.0,68.0,0.00981665944853472
06,40426,"Larkfield-Wikiup CDP, California",9184.0,68.0,0.007404181184668989
06,84928,"Westwood CDP, California",1662.0,67.0,0.040312876052948254
06,57540,"Placerville city, California",10681.0,67.0,0.006272820896919764
06,39045,"La Crescenta-Montrose CDP, California",19658.0,66.0,0.0033574117407671176
06,80588,"Truckee town, California",16308.0,65.0,0.003985773853323522
06,64420,"San Andreas CDP, California",3241.0,64.0,0.01974699166923789
06,14946,"Colusa city, California",5938.0,64.0,0.010778039744021556
06,41936,"Live Oak city, California",8537.0,64.0,0.00749677872789036
06,86930,"Yountville city, California",2978.0,64.0,0.021490933512424447
06,25296,"Fortuna city, California",11981.0,63.0,0.005258325682330357
06,78960,"Topanga CDP, California",7705.0,63.0,0.0081765087605451
06,62980,"Ross town, California",2311.0,63.0,0.027260926006057985
06,00535,"Airport CDP, California",1547.0,62.0,0.0400775694893342
06,30987,"Greenfield CDP, California",3405.0,62.0,0.018208516886930984
06,33574,"Highgrove CDP, California",4302.0,61.0,0.014179451417945141
06,18590,"Del Monte Forest CDP, California",4575.0,61.0,0.013333333333333334
06,06434,"Big Bear Lake city, California",5190.0,60.0,0.011560693641618497
06,14736,"Colma town, California",1410.0,60.0,0.0425531914893617
06,63148,"Round Valley CDP, California",484.0,59.0,0.12190082644628099
06,45932,"Mariposa CDP, California",1338.0,59.0,0.044095665171898356
06,14498,"Colfax city, California",2187.0,59.0,0.026977594878829447
06,54764,"Pacheco CDP, California",4334.0,58.0,0.01338255652976465
06,48060,"Miranda CDP, California",710.0,58.0,0.08169014084507042
06,44406,"Lucerne CDP, California",3144.0,57.0,0.01812977099236641
06,28182,"Garden Acres CDP, California",10931.0,57.0,0.005214527490622999
06,70042,"Santa Paula city, California",30344.0,57.0,0.0018784603216451359
06,56476,"Penngrove CDP, California",2922.0,56.0,0.019164955509924708
06,57070,"Pine Canyon CDP, California",1995.0,55.0,0.02756892230576441
06,72506,"Solana Beach city, California",13362.0,55.0,0.004116150276904655
06,41278,"Lewiston CDP, California",1368.0,55.0,0.0402046783625731
06,44910,"McKinleyville CDP, California",16963.0,54.0,0.0031833991628839237
06,36434,"Indian Wells city, California",5267.0,54.0,0.010252515663565597
06,70130,"Santa Rosa Valley CDP, California",3456.0,54.0,0.015625
06,10508,"Campo CDP, California",2971.0,54.0,0.018175698418041064
06,52624,"Nuevo CDP, California",7017.0,53.0,0.007553085364115719
06,70882,"Selma city, California",24537.0,53.0,0.0021600032603822797
06,04576,"Beale AFB CDP, California",992.0,53.0,0.05342741935483871
06,61012,"Ripley CDP, California",493.0,53.0,0.1075050709939148
06,55520,"Paradise town, California",26437.0,53.0,0.0020047660475848244
06,30282,"Golden Hills CDP, California",8889.0,52.0,0.0058499268759140514
06,77588,"Taft Heights CDP, California",2721.0,52.0,0.019110621095185593
06,85894,"Winchester CDP, California",2721.0,52.0,0.019110621095185593
06,36203,"Idyllwild-Pine Cove CDP, California",2590.0,51.0,0.019691119691119693
06,57512,"Pixley CDP, California",4008.0,51.0,0.012724550898203593
06,54388,"Oroville East CDP, California",7349.0,51.0,0.006939719689753708
06,42230,"Lodoga CDP, California",162.0,51.0,0.3148148148148148
06,85586,"Williams city, California",5208.0,50.0,0.009600614439324117
06,08968,"Burbank CDP, California",4939.0,50.0,0.010123506782749545
06,43294,"Los Altos Hills town, California",8490.0,50.0,0.005889281507656066
06,03344,"Avocado Heights CDP, California",16213.0,50.0,0.0030839449824215134
06,11446,"Carpinteria city, California",13593.0,50.0,0.0036783638637534026
06,34928,"Humboldt Hill CDP, California",4217.0,49.0,0.011619634811477354
06,48956,"Monte Sereno city, California",3551.0,49.0,0.01379892987890735
06,19220,"Diamond Springs CDP, California",11717.0,49.0,0.004181957839037296
06,09122,"Burney CDP, California",3676.0,49.0,0.013329706202393906
06,48844,"Montecito CDP, California",8984.0,49.0,0.0054541406945681215
06,36613,"Interlaken CDP, California",6725.0,49.0,0.007286245353159851
06,47374,"Midpines CDP, California",1424.0,49.0,0.03441011235955056
06,21810,"El Cerrito CDP, California",5508.0,48.0,0.008714596949891068
06,06210,"Bethel Island CDP, California",2379.0,48.0,0.0201765447667087
06,45006,"McSwain CDP, California",4363.0,48.0,0.011001604400641761
06,70154,"Santa Venetia CDP, California",4924.0,47.0,0.009545085296506904
06,67056,"Sanger city, California",24883.0,47.0,0.0018888397701241812
06,31470,"Guerneville CDP, California",4570.0,47.0,0.010284463894967177
06,11040,"Capitola city, California",10158.0,46.0,0.004528450482378421
06,19024,"Desert Shores CDP, California",982.0,46.0,0.04684317718940937
06,86034,"Winters city, California",7059.0,46.0,0.0065165037540728145
06,04470,"Bayview CDP (Contra Costa County), California",1771.0,45.0,0.025409373235460192
06,77784,"Talmage CDP, California",1156.0,45.0,0.03892733564013841
06,39885,"Lake Wildwood CDP, California",5315.0,44.0,0.008278457196613359
06,41712,"Lindsay city, California",13167.0,44.0,0.003341687552213868
06,20242,"Dunsmuir city, California",1594.0,43.0,0.026976160602258468
06,21292,"East Whittier CDP, California",10540.0,42.0,0.003984819734345351
06,04478,"Bayview CDP (Humboldt County), California",2466.0,41.0,0.01662611516626115
06,51574,"Nord CDP, California",492.0,41.0,0.08333333333333333
06,11978,"Castroville CDP, California",6689.0,41.0,0.006129466287935416
06,17498,"Cudahy city, California",24146.0,41.0,0.001698003810154891
06,33633,"Highlands-Baywood Park CDP, California",4245.0,41.0,0.009658421672555949
06,19155,"Diablo Grande CDP, California",885.0,40.0,0.04519774011299435
06,56870,"Phoenix Lake CDP, California",4278.0,40.0,0.009350163627863487
06,22524,"Elverta CDP, California",5606.0,40.0,0.007135212272565109
06,83948,"Weldon CDP, California",2185.0,40.0,0.018306636155606407
06,51637,"North Auburn CDP, California",13395.0,40.0,0.0029861888764464353
06,56028,"Pasatiempo CDP, California",778.0,39.0,0.05012853470437018
06,30798,"Grass Valley city, California",12893.0,39.0,0.0030248972310556116
06,39003,"La Cañada Flintridge city, California",20474.0,39.0,0.0019048549379701084
06,46223,"Matheny CDP, California",1221.0,39.0,0.03194103194103194
06,11324,"Carmel Valley Village CDP, California",4011.0,39.0,0.009723261032161555
06,70182,"Santa Ynez CDP, California",4377.0,38.0,0.008681745487777016
06,10032,"Calwa CDP, California",1555.0,38.0,0.024437299035369776
06,86944,"Yreka city, California",7571.0,38.0,0.0050191520274732535
06,04938,"Bell Canyon CDP, California",2150.0,38.0,0.017674418604651163
06,82842,"Vine Hill CDP, California",4108.0,37.0,0.009006815968841285
06,20284,"Dustin Acres CDP, California",679.0,37.0,0.054491899852724596
06,70140,"Santa Susana CDP, California",1042.0,37.0,0.03550863723608445
06,72688,"Soquel CDP, California",11241.0,37.0,0.0032915221065741482
06,12669,"Channel Islands Beach CDP, California",2659.0,37.0,0.013915005641218503
06,22587,"Emerald Lake Hills CDP, California",4648.0,37.0,0.007960413080895009
06,21894,"Eldridge CDP, California",1487.0,36.0,0.0242098184263618
06,33294,"Herald CDP, California",1125.0,36.0,0.032
06,28154,"Garberville CDP, California",979.0,36.0,0.03677221654749745
06,57372,"Piru CDP, California",1808.0,36.0,0.01991150442477876
06,75315,"Strawberry CDP (Marin County), California",5558.0,36.0,0.006477150053976251
06,55058,"Pala CDP, California",977.0,35.0,0.03582395087001024
06,49180,"Morada CDP, California",4478.0,35.0,0.007815989280928986
06,78288,"Terra Bella CDP, California",3110.0,35.0,0.011254019292604502
06,49852,"Mount Shasta city, California",3281.0,35.0,0.010667479427003962
06,71134,"Shandon CDP, California",1219.0,34.0,0.02789171452009844
06,78666,"Tiburon town, California",9205.0,34.0,0.0036936447582835417
06,34540,"Hoopa CDP, California",3393.0,33.0,0.009725906277630416
06,07372,"Bombay Beach CDP, California",341.0,33.0,0.0967741935483871
06,81050,"Twin Lakes CDP, California",5570.0,33.0,0.0059245960502693
06,70028,"Santa Nella CDP, California",1976.0,33.0,0.016700404858299597
06,75714,"Summerland CDP, California",1108.0,33.0,0.029783393501805054
06,25576,"Freedom CDP, California",3183.0,32.0,0.010053408733898837
06,17995,"Daphnedale Park CDP, California",103.0,32.0,0.3106796116504854
06,59248,"Rainbow CDP, California",2041.0,32.0,0.01567858892699657
06,68028,"San Juan Capistrano city, California",35948.0,32.0,0.0008901746967842439
06,10088,"Cambrian Park CDP, California",3098.0,32.0,0.010329244673983214
06,08478,"Brookdale CDP, California",2490.0,32.0,0.01285140562248996
06,20598,"East Foothills CDP, California",6405.0,32.0,0.004996096799375488
06,45680,"March ARB CDP, California",1065.0,32.0,0.03004694835680751
06,20438,"Earlimart CDP, California",8824.0,31.0,0.003513145965548504
06,06798,"Bishop city, California",3802.0,31.0,0.008153603366649132
06,09346,"Byron CDP, California",1480.0,31.0,0.020945945945945947
06,68238,"San Martin CDP, California",7313.0,30.0,0.004102283604539861
06,01010,"Allensworth CDP, California",513.0,30.0,0.05847953216374269
06,71554,"Shingle Springs CDP, California",4100.0,29.0,0.007073170731707317
06,63050,"Rossmoor CDP, California",10920.0,29.0,0.002655677655677656
06,09324,"Butte Valley CDP, California",695.0,29.0,0.041726618705035974
06,86912,"Yosemite Valley CDP, California",996.0,29.0,0.029116465863453816
06,45358,"Mammoth Lakes town, California",8092.0,29.0,0.0035837864557587743
06,44182,"Los Osos CDP, California",15714.0,28.0,0.0017818505791014382
06,31414,"Guadalupe city, California",7313.0,28.0,0.0038287980309038698
06,43140,"Loomis town, California",6727.0,28.0,0.004162330905306972
06,18688,"Del Rey Oaks city, California",1555.0,27.0,0.017363344051446947
06,19416,"Dobbins CDP, California",696.0,27.0,0.03879310344827586
06,78470,"Thermalito CDP, California",6905.0,27.0,0.00391020999275887
06,87090,"Zayante CDP, California",1096.0,27.0,0.024635036496350366
06,46436,"Mayflower Village CDP, California",5828.0,27.0,0.0046328071379547016
06,04926,"Bella Vista CDP, California",2771.0,26.0,0.009382894261999277
06,33532,"Hidden Meadows CDP, California",3382.0,26.0,0.00768775872264932
06,07470,"Bonny Doon CDP, California",3086.0,26.0,0.008425145819831496
06,70644,"Seacliff CDP, California",3231.0,26.0,0.008047044258743422
06,38562,"Kingsburg city, California",11794.0,25.0,0.0021197218924877055
06,10074,"Cambria CDP, California",5934.0,25.0,0.0042130097741826765
06,27080,"Fruitdale CDP, California",888.0,25.0,0.028153153153153154
06,73276,"South San Gabriel CDP, California",8964.0,25.0,0.002788933511825078
06,70588,"Scotts Valley city, California",11892.0,25.0,0.0021022536158762195
06,78336,"Teviston CDP, California",1135.0,25.0,0.022026431718061675
06,30938,"Greenacres CDP, California",5705.0,25.0,0.0043821209465381246
06,40116,"Lanare CDP, California",176.0,25.0,0.14204545454545456
06,41880,"Littlerock CDP, California",1998.0,25.0,0.012512512512512513
06,59896,"Red Corral CDP, California",1850.0,24.0,0.012972972972972972
06,81358,"Upper Lake CDP, California",964.0,24.0,0.024896265560165973
06,47430,"Midway City CDP, California",8819.0,24.0,0.0027213969837850097
06,83108,"Volta CDP, California",231.0,24.0,0.1038961038961039
06,50188,"Myrtletown CDP, California",5145.0,24.0,0.004664723032069971
06,34246,"Holtville city, California",6355.0,24.0,0.0037765538945712038
06,03092,"Atherton town, California",7182.0,23.0,0.0032024505708716233
06,13966,"Clearlake Oaks CDP, California",2275.0,23.0,0.01010989010989011
06,29420,"Geyserville CDP, California",929.0,23.0,0.024757804090419805
06,19455,"Dollar Point CDP, California",963.0,23.0,0.023883696780893044
06,16728,"Covelo CDP, California",1223.0,23.0,0.018806214227309895
06,73178,"South Oroville CDP, California",3062.0,22.0,0.007184846505551927
06,21558,"Edmundson Acres CDP, California",414.0,22.0,0.05314009661835749
06,58380,"Portola Valley town, California",4589.0,22.0,0.004794072782741338
06,48676,"Monson CDP, California",324.0,22.0,0.06790123456790123
06,19584,"Dorris city, California",877.0,22.0,0.02508551881413911
06,84120,"West Bishop CDP, California",2923.0,22.0,0.00752651385562778
06,57582,"Planada CDP, California",4472.0,22.0,0.004919499105545617
06,60706,"Ridgemark CDP, California",3020.0,21.0,0.00695364238410596
06,20270,"Durham CDP, California",5819.0,21.0,0.0036088675030073896
06,32562,"Hayfork CDP, California",2641.0,21.0,0.007951533510034078
06,18506,"Del Mar city, California",4338.0,21.0,0.004840940525587829
06,38024,"Kelly Ridge CDP, California",2540.0,21.0,0.00826771653543307
06,30392,"Gonzales city, California",8462.0,21.0,0.0024816828173008744
06,72996,"South El Monte city, California",20712.0,21.0,0.0010139049826187717
06,06070,"Berry Creek CDP, California",1179.0,21.0,0.017811704834605598
06,24092,"Fillmore city, California",15529.0,20.0,0.001287912937085453
06,77960,"Tarpey Village CDP, California",3200.0,20.0,0.00625
06,07036,"Bloomfield CDP, California",419.0,20.0,0.0477326968973747
06,52715,"Oak Glen CDP, California",439.0,20.0,0.04555808656036447
06,39460,"Lake California CDP, California",2888.0,19.0,0.006578947368421052
06,72184,"Sleepy Hollow CDP, California",2239.0,19.0,0.008485931219294328
06,19318,"Dinuba city, California",23712.0,19.0,0.0008012820512820513
06,42510,"Lompico CDP, California",899.0,19.0,0.021134593993325918
06,31708,"Half Moon Bay city, California",12565.0,19.0,0.0015121368881814564
06,09332,"Buttonwillow CDP, California",1517.0,19.0,0.012524719841793012
06,54008,"Orange Cove city, California",9567.0,19.0,0.0019859935193895684
06,06635,"Big River CDP, California",1031.0,18.0,0.01745877788554801
06,78162,"Templeton CDP, California",7989.0,18.0,0.0022530980097634247
06,38422,"Keyes CDP, California",6237.0,18.0,0.002886002886002886
06,03204,"Auburn city, California",13911.0,18.0,0.0012939400474444684
06,16420,"Coronita CDP, California",2961.0,18.0,0.0060790273556231
06,85600,"Willits city, California",4844.0,17.0,0.003509496284062758
06,86878,"Yosemite Lakes CDP, California",5274.0,17.0,0.003223359878649981
06,17722,"Cutten CDP, California",2907.0,17.0,0.005847953216374269
06,86300,"Woodlake city, California",7631.0,17.0,0.0022277552090158564
06,07274,"Bodfish CDP, California",1593.0,16.0,0.010043942247332079
06,62860,"Rose Hills CDP, California",2817.0,16.0,0.0056798012069577564
06,49446,"Moss Beach CDP, California",3915.0,16.0,0.004086845466155811
06,23168,"Fairfax town, California",7616.0,16.0,0.0021008403361344537
06,07946,"Bradbury city, California",992.0,16.0,0.016129032258064516
06,34904,"Hughson city, California",7295.0,16.0,0.0021932830705962986
06,51820,"North El Monte CDP, California",3832.0,16.0,0.0041753653444676405
06,18464,"Delhi CDP, California",11622.0,15.0,0.0012906556530717604
06,03708,"Ballico CDP, California",383.0,15.0,0.0391644908616188
06,03274,"Avalon city, California",3778.0,15.0,0.003970354685018529
06,46926,"Meridian CDP, California",451.0,15.0,0.03325942350332594
06,29350,"Georgetown CDP, California",2393.0,15.0,0.0062682824905975765
06,53490,"Olancha CDP, California",185.0,15.0,0.08108108108108109
06,53476,"Ojai city, California",7594.0,15.0,0.0019752436133789832
06,31260,"Gridley city, California",6576.0,14.0,0.0021289537712895377
06,71927,"Silverado Resort CDP, California",976.0,13.0,0.01331967213114754
06,49600,"Mountain Mesa CDP, California",808.0,12.0,0.01485148514851485
06,07246,"Bodega CDP, California",384.0,12.0,0.03125
06,03190,"Auberry CDP, California",2582.0,12.0,0.004647560030983733
06,59115,"Rackerby CDP, California",176.0,12.0,0.06818181818181818
06,41208,"Leona Valley CDP, California",1615.0,12.0,0.007430340557275541
06,65112,"Sand City city, California",355.0,12.0,0.03380281690140845
06,36980,"Jackson city, California",4656.0,12.0,0.002577319587628866
06,50874,"Nevada City city, California",3112.0,12.0,0.0038560411311053984
06,83794,"Weaverville CDP, California",3303.0,11.0,0.003330305782621859
06,25436,"Fowler city, California",6200.0,11.0,0.0017741935483870969
06,57260,"Pine Valley CDP, California",1878.0,11.0,0.005857294994675187
06,22972,"Etna city, California",709.0,11.0,0.015514809590973202
06,62602,"Rolling Hills city, California",1684.0,11.0,0.006532066508313539
06,20928,"Easton CDP, California",2087.0,11.0,0.005270723526593196
06,44399,"Lucas Valley-Marinwood CDP, California",7054.0,10.0,0.001417635384179189
06,00464,"Aguanga CDP, California",830.0,10.0,0.012048192771084338
06,36882,"Isleton city, California",597.0,10.0,0.01675041876046901
06,49348,"Morongo Valley CDP, California",3231.0,10.0,0.0030950170225936243
06,51812,"North Edwards CDP, California",812.0,10.0,0.012315270935960592
06,55296,"Palo Cedro CDP, California",1253.0,10.0,0.007980845969672785
06,83374,"Walnut Grove CDP, California",1342.0,10.0,0.007451564828614009
06,60900,"Rio Dell city, California",3385.0,9.0,0.002658788774002954
06,30944,"Green Acres CDP, California",2776.0,9.0,0.0032420749279538905
06,42566,"London CDP, California",1872.0,9.0,0.004807692307692308
06,70322,"Saticoy CDP, California",1005.0,9.0,0.008955223880597015
06,82422,"Vernon city, California",76.0,9.0,0.11842105263157894
06,54274,"Orland city, California",7532.0,9.0,0.0011949017525225705
06,18153,"Day Valley CDP, California",3816.0,9.0,0.0023584905660377358
06,41670,"Linden CDP, California",2102.0,9.0,0.004281636536631779
06,59604,"Rancho Tehama Reserve CDP, California",2259.0,9.0,0.00398406374501992
06,47710,"Mill Valley city, California",14392.0,9.0,0.0006253474152306837
06,30900,"Greeley Hill CDP, California",593.0,9.0,0.01517706576728499
06,45414,"Manila CDP, California",823.0,9.0,0.010935601458080195
06,30703,"Granite Hills CDP, California",2873.0,9.0,0.003132613992342499
06,63106,"Rough and Ready CDP, California",786.0,9.0,0.011450381679389313
06,38646,"Kirkwood CDP, California",73.0,8.0,0.1095890410958904
06,36452,"Indio Hills CDP, California",973.0,8.0,0.008221993833504625
06,11754,"Casmalia CDP, California",147.0,8.0,0.05442176870748299
06,41040,"Le Grand CDP, California",1637.0,8.0,0.004886988393402566
06,06616,"Big Pine CDP, California",1605.0,8.0,0.004984423676012461
06,25086,"Fort Dick CDP, California",588.0,8.0,0.013605442176870748
06,39472,"Lake City CDP, California",62.0,8.0,0.12903225806451613
06,08680,"Buckhorn CDP, California",2281.0,8.0,0.0035072336694432268
06,07578,"Boronda CDP, California",1259.0,8.0,0.006354249404289118
06,55044,"Pajaro CDP, California",3644.0,8.0,0.0021953896816684962
06,74172,"Stinson Beach CDP, California",596.0,7.0,0.01174496644295302
06,12146,"Cazadero CDP, California",285.0,7.0,0.02456140350877193
06,45120,"Magalia CDP, California",12346.0,7.0,0.000566985258383282
06,08338,"Broadmoor CDP, California",5112.0,7.0,0.0013693270735524257
06,42580,"Lone Pine CDP, California",1767.0,7.0,0.003961516694963215
06,40508,"La Selva Beach CDP, California",2746.0,7.0,0.0025491624180626364
06,61096,"Riverdale CDP, California",4095.0,7.0,0.0017094017094017094
06,00450,"Agua Dulce CDP, California",3598.0,7.0,0.0019455252918287938
06,48690,"Montague city, California",1385.0,7.0,0.005054151624548736
06,14232,"Clyde CDP, California",901.0,7.0,0.00776914539400666
06,18982,"Desert Center CDP, California",156.0,6.0,0.038461538461538464
06,51028,"New Cuyama CDP, California",556.0,6.0,0.01079136690647482
06,11915,"Castle Hill CDP, California",1232.0,6.0,0.00487012987012987
06,58352,"Portola city, California",2033.0,6.0,0.002951303492375799
06,48147,"Mission Canyon CDP, California",2651.0,6.0,0.002263296869105998
06,40998,"Lee Vining CDP, California",102.0,5.0,0.049019607843137254
06,84680,"West Park CDP, California",755.0,5.0,0.006622516556291391
06,39514,"Lakehead CDP, California",596.0,5.0,0.008389261744966443
06,39283,"Lagunitas-Forest Knolls CDP, California",1790.0,5.0,0.002793296089385475
06,39304,"La Habra Heights city, California",5425.0,5.0,0.0009216589861751152
06,28021,"Furnace Creek CDP, California",139.0,5.0,0.03597122302158273
06,85012,"Wheatland city, California",3671.0,5.0,0.001362026695723236
06,58030,"Pollock Pines CDP, California",7269.0,5.0,0.0006878525244187646
06,57204,"Pine Hills CDP, California",2986.0,5.0,0.0016744809109176155
06,14904,"Columbia CDP, California",2329.0,5.0,0.0021468441391155
06,56042,"Paskenta CDP, California",83.0,5.0,0.060240963855421686
06,44378,"Loyola CDP, California",3448.0,5.0,0.0014501160092807424
06,84385,"Westhaven-Moonstone CDP, California",1153.0,5.0,0.004336513443191674
06,41282,"Lexington Hills CDP, California",2531.0,5.0,0.0019755037534571317
06,39735,"Lake Sherwood CDP, California",1832.0,4.0,0.002183406113537118
06,32030,"Happy Camp CDP, California",800.0,4.0,0.005
06,32385,"Hasley Canyon CDP, California",1068.0,4.0,0.003745318352059925
06,77042,"Sunol CDP, California",967.0,4.0,0.004136504653567736
06,48046,"Mira Monte CDP, California",6916.0,4.0,0.000578368999421631
06,56868,"Philo CDP, California",246.0,3.0,0.012195121951219513
06,59220,"Rail Road Flat CDP, California",255.0,3.0,0.011764705882352941
06,40928,"Laytonville CDP, California",1254.0,3.0,0.0023923444976076554
06,37134,"Janesville CDP, California",1298.0,3.0,0.0023112480739599386
06,05332,"Ben Lomond CDP, California",6923.0,3.0,0.00043333814820164666
06,07512,"Boonville CDP, California",972.0,3.0,0.0030864197530864196
06,39318,"La Honda CDP, California",574.0,3.0,0.005226480836236934
06,12300,"Cedar Ridge CDP, California",969.0,3.0,0.0030959752321981426
06,09353,"Bystrom CDP, California",4136.0,3.0,0.0007253384912959381
06,51000,"Newcastle CDP, California",1261.0,3.0,0.0023790642347343376
06,47724,"Millville CDP, California",657.0,3.0,0.0045662100456621
06,21012,"East Porterville CDP, California",6519.0,2.0,0.00030679552078539653
06,36490,"Industry city, California",334.0,2.0,0.005988023952095809
06,64462,"San Antonio Heights CDP, California",3092.0,2.0,0.000646830530401035
06,86440,"Woodside town, California",5550.0,2.0,0.00036036036036036037
06,25030,"Fort Bidwell CDP, California",223.0,2.0,0.008968609865470852
06,08240,"Bridgeport CDP, California",629.0,2.0,0.003179650238473768
06,11250,"Carmel-by-the-Sea city, California",3876.0,2.0,0.0005159958720330237
06,44364,"Loyalton city, California",1082.0,2.0,0.0018484288354898336
06,71848,"Sierraville CDP, California",80.0,2.0,0.025
06,45232,"Malaga CDP, California",1287.0,2.0,0.001554001554001554
06,57834,"Plymouth city, California",1002.0,2.0,0.001996007984031936
06,39710,"Lakeport city, California",4766.0,2.0,0.000419639110365086
06,81792,"Valley Home CDP, California",166.0,2.0,0.012048192771084338
06,44924,"McKittrick CDP, California",145.0,2.0,0.013793103448275862
06,80763,"Tuolumne City CDP, California",1372.0,1.0,0.0007288629737609329
06,72282,"Smartsville CDP, California",140.0,1.0,0.007142857142857143
06,14764,"Coloma CDP, California",663.0,1.0,0.0015082956259426848
06,68263,"San Miguel CDP (Contra Costa County), California",3137.0,1.0,0.000318775900541919
06,12930,"Chester CDP, California",2274.0,1.0,0.00043975373790677223
06,44784,"McCloud CDP, California",1108.0,1.0,0.0009025270758122744
06,36350,"Independence CDP, California",607.0,1.0,0.0016474464579901153
06,32156,"Hardwick CDP, California",59.0,1.0,0.01694915254237288
06,18695,"Del Rio CDP, California",1078.0,0.0,0.0
06,20942,"East Orosi CDP, California",932.0,0.0,0.0
06,32044,"Harbison Canyon CDP, California",4199.0,0.0,0.0
06,53294,"Oceano CDP, California",7788.0,0.0,0.0
06,49950,"Muir Beach CDP, California",255.0,0.0,0.0
06,72576,"Solvang city, California",5650.0,0.0,0.0
06,78638,"Three Rivers CDP, California",2243.0,0.0,0.0
06,78176,"Tennant CDP, California",30.0,0.0,0.0
06,30882,"Grayson CDP, California",1083.0,0.0,0.0
06,34694,"Hornbrook CDP, California",216.0,0.0,0.0
06,24834,"Foresthill CDP, California",1475.0,0.0,0.0
06,37582,"Julian CDP, California",878.0,0.0,0.0
06,85551,"Wilkerson CDP, California",504.0,0.0,0.0
06,58618,"Prattville CDP, California",16.0,0.0,0.0
06,80686,"Tulelake city, California",913.0,0.0,0.0
06,57828,"Plumas Eureka CDP, California",303.0,0.0,0.0
06,36364,"Indian Falls CDP, California",115.0,0.0,0.0
06,22034,"Elkhorn CDP, California",1052.0,0.0,0.0
06,30560,"Graeagle CDP, California",713.0,0.0,0.0
06,17288,"Cromberg CDP, California",154.0,0.0,0.0
06,05164,"Belvedere city, California",2156.0,0.0,0.0
06,64476,"San Ardo CDP, California",623.0,0.0,0.0
06,06560,"Biggs city, California",2034.0,0.0,0.0
06,01094,"Almanor CDP, California",0.0,0.0,
06,39411,"Lake Almanor Country Club CDP, California",358.0,0.0,0.0
06,29252,"Gazelle CDP, California",42.0,0.0,0.0
06,11481,"Carrick CDP, California",77.0,0.0,0.0
06,07974,"Bradley CDP, California",149.0,0.0,0.0
06,59584,"Rancho Santa Fe CDP, California",2428.0,0.0,0.0
06,79529,"Toro Canyon CDP, California",1602.0,0.0,0.0
06,19150,"Diablo CDP, California",618.0,0.0,0.0
06,81890,"Valley Springs CDP, California",3321.0,0.0,0.0
06,78106,"Tehama city, California",392.0,0.0,0.0
06,02420,"Arbuckle CDP, California",3548.0,0.0,0.0
06,22510,"El Verano CDP, California",3663.0,0.0,0.0
06,53266,"Occidental CDP, California",892.0,0.0,0.0
06,07260,"Bodega Bay CDP, California",629.0,0.0,0.0
06,30812,"Graton CDP, California",1827.0,0.0,0.0
06,03316,"Avery CDP, California",575.0,0.0,0.0
06,01228,"Alpine Village CDP, California",179.0,0.0,0.0
06,21530,"Edgewood CDP, California",25.0,0.0,0.0
06,78126,"Temelec CDP, California",1641.0,0.0,0.0
06,80280,"Traver CDP, California",834.0,0.0,0.0
06,17106,"Crest CDP, California",2767.0,0.0,0.0
06,18674,"Del Rey CDP, California",1486.0,0.0,0.0
06,57876,"Point Arena city, California",472.0,0.0,0.0
06,38394,"Kettleman City CDP, California",1574.0,0.0,0.0
06,41110,"Lemon Cove CDP, California",232.0,0.0,0.0
06,06994,"Blairsden CDP, California",36.0,0.0,0.0
06,37918,"Keeler CDP, California",10.0,0.0,0.0
06,38226,"Kerman city, California",14537.0,0.0,0.0
06,59290,"Raisin City CDP, California",313.0,0.0,0.0
06,33861,"Hilmar-Irwin CDP, California",5407.0,0.0,0.0
06,07525,"Bootjack CDP, California",839.0,0.0,0.0
06,20907,"East Oakdale CDP, California",3146.0,0.0,0.0
06,08172,"Bret Harte CDP, California",5367.0,0.0,0.0
06,16035,"Concow CDP, California",762.0,0.0,0.0
06,33056,"Healdsburg city, California",11721.0,0.0,0.0
06,86380,"Woodlands CDP, California",1494.0,0.0,0.0
06,17232,"Creston CDP, California",52.0,0.0,0.0
06,00786,"Alderpoint CDP, California",113.0,0.0,0.0
06,05262,"Benbow CDP, California",152.0,0.0,0.0
06,64392,"Samoa CDP, California",207.0,0.0,0.0
06,24022,"Fields Landing CDP, California",147.0,0.0,0.0
06,59906,"Redcrest CDP, California",36.0,0.0,0.0
06,36420,"Indianola CDP, California",736.0,0.0,0.0
06,56854,"Phillipsville CDP, California",69.0,0.0,0.0
06,34652,"Hopland CDP, California",914.0,0.0,0.0
06,21964,"Elizabeth Lake CDP, California",1884.0,0.0,0.0
06,58506,"Potter Valley CDP, California",336.0,0.0,0.0
06,08530,"Brooktrails CDP, California",3705.0,0.0,0.0
06,00716,"Albion CDP, California",253.0,0.0,0.0
06,41866,"Little River CDP, California",82.0,0.0,0.0
06,11768,"Caspar CDP, California",924.0,0.0,0.0
06,60214,"Redwood Valley CDP, California",1747.0,0.0,0.0
06,09990,"Calpella CDP, California",343.0,0.0,0.0
06,15030,"Comptche CDP, California",71.0,0.0,0.0
06,23973,"Fetters Hot Springs-Agua Caliente CDP, California",4848.0,0.0,0.0
06,85222,"Whitley Gardens CDP, California",293.0,0.0,0.0
06,69182,"Santa Margarita CDP, California",1394.0,0.0,0.0
06,68434,"San Simeon CDP, California",523.0,0.0,0.0
06,42384,"Loma Mar CDP, California",201.0,0.0,0.0
06,80483,"Trinity Village CDP, California",224.0,0.0,0.0
06,63386,"Ruth CDP, California",214.0,0.0,0.0
06,47794,"Mineral CDP, California",310.0,0.0,0.0
06,02294,"Anza CDP, California",3284.0,0.0,0.0
06,11376,"Carmet CDP, California",0.0,0.0,
06,71000,"Sereno del Mar CDP, California",63.0,0.0,0.0
06,28014,"Fulton CDP, California",493.0,0.0,0.0
06,37274,"Jenner CDP, California",64.0,0.0,0.0
06,38156,"Kenwood CDP, California",1144.0,0.0,0.0
06,64252,"Salmon Creek CDP, California",49.0,0.0,0.0
06,03694,"Ballard CDP, California",449.0,0.0,0.0
06,19794,"Downieville CDP, California",90.0,0.0,0.0
06,57036,"Pike CDP, California",126.0,0.0,0.0
06,70336,"Sattley CDP, California",57.0,0.0,0.0
06,71774,"Sierra Brooks CDP, California",318.0,0.0,0.0
06,71778,"Sierra City CDP, California",165.0,0.0,0.0
06,82334,"Verdi CDP, California",154.0,0.0,0.0
06,39094,"Ladera CDP, California",1553.0,0.0,0.0
06,56756,"Pescadero CDP, California",709.0,0.0,0.0
06,46632,"Meadow Vista CDP, California",3448.0,0.0,0.0
06,39556,"Lake Hughes CDP, California",624.0,0.0,0.0
06,45092,"Mad River CDP, California",482.0,0.0,0.0
06,70712,"Sea Ranch CDP, California",1137.0,0.0,0.0
06,81925,"Valley Wells CDP, California",0.0,0.0,
06,80515,"Trona CDP, California",49.0,0.0,0.0
06,34405,"Homewood Canyon CDP, California",27.0,0.0,0.0
06,18086,"Davenport CDP, California",292.0,0.0,0.0
06,49796,"Mount Hermon CDP, California",958.0,0.0,0.0
06,55048,"Pajaro Dunes CDP, California",319.0,0.0,0.0
06,55604,"Paradise Park CDP, California",521.0,0.0,0.0
06,61106,"Riverdale Park CDP, California",1067.0,0.0,0.0
06,01164,"Alpaugh CDP, California",1080.0,0.0,0.0
06,78715,"Timber Cove CDP, California",131.0,0.0,0.0
06,72338,"Smith Corner CDP, California",733.0,0.0,0.0
06,81778,"Valley Ford CDP, California",198.0,0.0,0.0
06,01416,"Alto CDP, California",751.0,0.0,0.0
06,47822,"Minkler CDP, California",1207.0,0.0,0.0
06,78652,"Three Rocks CDP, California",193.0,0.0,0.0
06,48592,"Monmouth CDP, California",160.0,0.0,0.0
06,06518,"Big Creek CDP, California",170.0,0.0,0.0
06,51280,"Nicasio CDP, California",121.0,0.0,0.0
06,22006,"Elk Creek CDP, California",251.0,0.0,0.0
06,02910,"Artois CDP, California",376.0,0.0,0.0
06,02028,"Anchor Bay CDP, California",347.0,0.0,0.0
06,45386,"Manchester CDP, California",168.0,0.0,0.0
06,14008,"Cleone CDP, California",760.0,0.0,0.0
06,41026,"Leggett CDP, California",102.0,0.0,0.0
06,47192,"Mexican Colony CDP, California",391.0,0.0,0.0
06,27190,"Fuller Acres CDP, California",872.0,0.0,0.0
06,12860,"Cherokee Strip CDP, California",137.0,0.0,0.0
06,08716,"Buck Meadows CDP, California",51.0,0.0,0.0
06,12062,"Catheys Valley CDP, California",774.0,0.0,0.0
06,22328,"El Portal CDP, California",378.0,0.0,0.0
06,24218,"Fish Camp CDP, California",83.0,0.0,0.0
06,83766,"Wawona CDP, California",237.0,0.0,0.0
06,04730,"Bear Valley CDP (Mariposa County), California",233.0,0.0,0.0
06,39484,"Lake Don Pedro CDP, California",1135.0,0.0,0.0
06,34708,"Hornitos CDP, California",0.0,0.0,
06,04716,"Bear Valley CDP (Alpine County), California",62.0,0.0,0.0
06,86804,"Yolo CDP, California",402.0,0.0,0.0
06,49045,"Monument Hills CDP, California",2038.0,0.0,0.0
06,45064,"Madison CDP, California",727.0,0.0,0.0
06,38800,"Knights Landing CDP, California",1028.0,0.0,0.0
06,13784,"Clarksburg CDP, California",511.0,0.0,0.0
06,75280,"Strathmore CDP, California",3617.0,0.0,0.0
06,75252,"Stratford CDP, California",966.0,0.0,0.0
06,80476,"Trinity Center CDP, California",202.0,0.0,0.0
06,37596,"Junction City CDP, California",668.0,0.0,0.0
06,13854,"Clay CDP, California",1211.0,0.0,0.0
06,52610,"Nubieber CDP, California",18.0,0.0,0.0
06,71834,"Sierra Village CDP, California",598.0,0.0,0.0
06,42622,"Long Barn CDP, California",48.0,0.0,0.0
06,38352,"Keswick CDP, California",449.0,0.0,0.0
06,11782,"Cassel CDP, California",350.0,0.0,0.0
06,49558,"Mountain Gate CDP, California",971.0,0.0,0.0
06,53602,"Old Station CDP, California",34.0,0.0,0.0
06,13910,"Clear Creek CDP, California",305.0,0.0,0.0
06,47472,"Milford CDP, California",183.0,0.0,0.0
06,41782,"Litchfield CDP, California",152.0,0.0,0.0
06,72380,"Smith River CDP, California",746.0,0.0,0.0
06,09948,"Callender CDP, California",1679.0,0.0,0.0
06,29154,"Gasquet CDP, California",955.0,0.0,0.0
06,33935,"Hiouchi CDP, California",427.0,0.0,0.0
06,49432,"Moskowite Corner CDP, California",155.0,0.0,0.0
06,53196,"Oakville CDP, California",178.0,0.0,0.0
06,63400,"Rutherford CDP, California",77.0,0.0,0.0
06,14454,"Cold Springs CDP (Tuolumne County), California",100.0,0.0,0.0
06,12412,"Centerville CDP, California",518.0,0.0,0.0
06,25300,"Fort Washington CDP, California",756.0,0.0,0.0
06,68266,"San Miguel CDP (San Luis Obispo County), California",2824.0,0.0,0.0
06,57244,"Pine Mountain Lake CDP, California",2343.0,0.0,0.0
06,80896,"Tuttletown CDP, California",1044.0,0.0,0.0
06,31372,"Groveland CDP, California",446.0,0.0,0.0
06,10914,"Canyondam CDP, California",96.0,0.0,0.0
06,23150,"Fairbanks Ranch CDP, California",3024.0,0.0,0.0
06,25506,"Franklin CDP (Sacramento County), California",99.0,0.0,0.0
06,25590,"Freeport CDP, California",32.0,0.0,0.0
06,49488,"Moss Landing CDP, California",55.0,0.0,0.0
06,34484,"Hood CDP, California",309.0,0.0,0.0
06,60088,"Redway CDP, California",1433.0,0.0,0.0
06,80966,"Twain Harte CDP, California",2694.0,0.0,0.0
06,13182,"Chinese Camp CDP, California",218.0,0.0,0.0
06,40872,"La Vina CDP, California",288.0,0.0,0.0
06,62625,"Rolling Hills CDP, California",800.0,0.0,0.0
06,51470,"Nipinnawasee CDP, California",417.0,0.0,0.0
06,00478,"Ahwahnee CDP, California",2340.0,0.0,0.0
06,14288,"Coarsegold CDP, California",1180.0,0.0,0.0
06,04198,"Bass Lake CDP, California",571.0,0.0,0.0
06,48448,"Mohawk Vista CDP, California",104.0,0.0,0.0
06,39715,"Lake Riverside CDP, California",984.0,0.0,0.0
06,41789,"Little Grass Valley CDP, California",0.0,0.0,
06,40312,"La Porte CDP, California",0.0,0.0,
06,17050,"Crescent Mills CDP, California",266.0,0.0,0.0
06,06935,"Blacklake CDP, California",1041.0,0.0,0.0
06,28210,"Garden Farms CDP, California",279.0,0.0,0.0
06,36098,"Hyampom CDP, California",63.0,0.0,0.0
06,36168,"Idlewild CDP, California",0.0,0.0,
06,75672,"Sultana CDP, California",1188.0,0.0,0.0
06,83724,"Waukena CDP, California",148.0,0.0,0.0
06,86734,"Yettem CDP, California",420.0,0.0,0.0
06,78949,"Tooleville CDP, California",432.0,0.0,0.0
06,78932,"Tonyville CDP, California",684.0,0.0,0.0
06,85866,"Wilsonia CDP, California",0.0,0.0,
06,41740,"Linnell Camp CDP, California",865.0,0.0,0.0
06,57134,"Pine Flat CDP, California",157.0,0.0,0.0
06,30339,"Gold Mountain CDP, California",0.0,0.0,
06,62496,"Rodriguez Camp CDP, California",86.0,0.0,0.0
06,44042,"Los Berros CDP, California",483.0,0.0,0.0
06,75596,"Sugarloaf Village CDP, California",7.0,0.0,0.0
06,84345,"West Goshen CDP, California",618.0,0.0,0.0
06,83494,"Warner Valley CDP, California",0.0,0.0,
06,44672,"Mabie CDP, California",43.0,0.0,0.0
06,49544,"Mountain Center CDP, California",85.0,0.0,0.0
06,53224,"Oasis CDP, California",3240.0,0.0,0.0
06,09150,"Burnt Ranch CDP, California",352.0,0.0,0.0
06,14406,"Coffee Creek CDP, California",298.0,0.0,0.0
06,19724,"Douglas City CDP, California",533.0,0.0,0.0
06,75592,"Sugarloaf Saw Mill CDP, California",0.0,0.0,
06,75588,"Sugarloaf Mountain Park CDP, California",0.0,0.0,
06,71932,"Silver City CDP, California",0.0,0.0,
06,71078,"Seville CDP, California",565.0,0.0,0.0
06,44242,"Los Ranchos CDP, California",1658.0,0.0,0.0
06,21565,"Edna CDP, California",195.0,0.0,0.0
06,53160,"Oak Shores CDP, California",305.0,0.0,0.0
06,33518,"Hidden Hills city, California",1676.0,0.0,0.0
06,29392,"Gerber CDP, California",1280.0,0.0,0.0
06,14554,"College City CDP, California",210.0,0.0,0.0
06,82786,"Vina CDP, California",182.0,0.0,0.0
06,78050,"Tecopa CDP, California",153.0,0.0,0.0
06,75322,"Strawberry CDP (Tuolumne County), California",5.0,0.0,0.0
06,00982,"Alleghany CDP, California",130.0,0.0,0.0
06,10004,"Calpine CDP, California",212.0,0.0,0.0
06,55506,"Panorama Heights CDP, California",38.0,0.0,0.0
06,56120,"Patterson Tract CDP, California",2320.0,0.0,0.0
06,57011,"Pierpoint CDP, California",0.0,0.0,
06,57568,"Plainview CDP, California",1016.0,0.0,0.0
06,58422,"Posey CDP, California",5.0,0.0,0.0
06,58134,"Ponderosa CDP, California",0.0,0.0,
06,58436,"Poso Park CDP, California",6.0,0.0,0.0
06,70966,"Sequoia Crest CDP, California",0.0,0.0,
06,42146,"Lockwood CDP, California",591.0,0.0,0.0
06,16210,"Copperopolis CDP, California",4214.0,0.0,0.0
06,56294,"Pearsonville CDP, California",24.0,0.0,0.0
06,06982,"Black Point-Green Point CDP, California",1544.0,0.0,0.0
06,73388,"South Taft CDP, California",1417.0,0.0,0.0
06,21936,"El Granada CDP, California",6286.0,0.0,0.0
06,48760,"Montara CDP, California",2909.0,0.0,0.0
06,39836,"Lakeview CDP, California",2399.0,0.0,0.0
06,46660,"Mecca CDP, California",7893.0,0.0,0.0
06,04772,"Beckwourth CDP, California",186.0,0.0,0.0
06,83304,"Wallace CDP, California",1002.0,0.0,0.0
06,48298,"Mi-Wuk Village CDP, California",1065.0,0.0,0.0
06,33549,"Hidden Valley Lake CDP, California",5735.0,0.0,0.0
06,55856,"Parlier city, California",15051.0,0.0,0.0
06,10816,"Cantua Creek CDP, California",386.0,0.0,0.0
06,38044,"Kelseyville CDP, California",3647.0,0.0,0.0
06,01360,"Alta Sierra CDP, California",6960.0,0.0,0.0
06,39696,"Lake of the Woods CDP, California",1260.0,0.0,0.0
06,40956,"Lebec CDP, California",1557.0,0.0,0.0
06,47164,"Mettler CDP, California",114.0,0.0,0.0
06,53910,"Onyx CDP, California",621.0,0.0,0.0
06,59668,"Randsburg CDP, California",143.0,0.0,0.0
06,12612,"Challenge-Brownsville CDP, California",837.0,0.0,0.0
06,37400,"Johannesburg CDP, California",124.0,0.0,0.0
06,18324,"Deer Park CDP, California",1149.0,0.0,0.0
06,76015,"Sunnyside-Tahoe City CDP, California",1267.0,0.0,0.0
06,44140,"Los Molinos CDP, California",1928.0,0.0,0.0
06,51622,"Norris Canyon CDP, California",977.0,0.0,0.0
06,86174,"Wofford Heights CDP, California",1606.0,0.0,0.0
06,00898,"Alhambra Valley CDP, California",679.0,0.0,0.0
06,34316,"Homeland CDP, California",7471.0,0.0,0.0
06,71362,"Shell Ridge CDP, California",1328.0,0.0,0.0
06,00135,"Acalanes Ridge CDP, California",894.0,0.0,0.0
06,73554,"Spaulding CDP, California",124.0,0.0,0.0
06,46814,"Mendocino CDP, California",664.0,0.0,0.0
06,36616,"Inverness CDP, California",1160.0,0.0,0.0
06,64308,"Salton Sea Beach CDP, California",549.0,0.0,0.0
06,57960,"Point Reyes Station CDP, California",443.0,0.0,0.0
06,39425,"Lake Almanor West CDP, California",183.0,0.0,0.0
06,75168,"Storrie CDP, California",0.0,0.0,
06,80952,"Twain CDP, California",41.0,0.0,0.0
06,58191,"Poplar-Cotton Center CDP, California",2660.0,0.0,0.0
06,84732,"West Point CDP, California",590.0,0.0,0.0
06,18485,"Delleker CDP, California",669.0,0.0,0.0
06,81652,"Vallecito CDP, California",330.0,0.0,0.0
06,22790,"Escalon city, California",7449.0,0.0,0.0
06,71568,"Shingletown CDP, California",2261.0,0.0,0.0
06,16630,"Cottonwood CDP, California",3268.0,0.0,0.0
06,02112,"Angels city, California",3760.0,0.0,0.0
06,83262,"Walker CDP, California",721.0,0.0,0.0
06,14484,"Coleville CDP, California",328.0,0.0,0.0
06,79030,"Topaz CDP, California",183.0,0.0,0.0
06,80364,"Tres Pinos CDP, California",596.0,0.0,0.0
06,31092,"Green Valley CDP (Los Angeles County), California",1030.0,0.0,0.0
06,77378,"Sutter CDP, California",2948.0,0.0,0.0
06,39670,"Lake Nacimiento CDP, California",2806.0,0.0,0.0
06,54372,"Orosi CDP, California",7760.0,0.0,0.0
06,18926,"Derby Acres CDP, California",320.0,0.0,0.0
06,68140,"San Lucas CDP, California",346.0,0.0,0.0
06,16762,"Cowan CDP, California",530.0,0.0,0.0
06,48916,"Monterey Park Tract CDP, California",284.0,0.0,0.0
06,19570,"Dorrington CDP, California",238.0,0.0,0.0
06,72086,"Sisquoc CDP, California",238.0,0.0,0.0
06,12594,"Chalfant CDP, California",981.0,0.0,0.0
06,05346,"Benton CDP, California",293.0,0.0,0.0
06,55528,"Paradise CDP, California",165.0,0.0,0.0
06,77430,"Swall Meadows CDP, California",228.0,0.0,0.0
06,48602,"Mono City CDP, California",58.0,0.0,0.0
06,37624,"June Lake CDP, California",383.0,0.0,0.0
06,23532,"Fall River Mills CDP, California",443.0,0.0,0.0
06,09318,"Butte Meadows CDP, California",77.0,0.0,0.0
06,26056,"French Gulch CDP, California",474.0,0.0,0.0
06,48998,"Montgomery Creek CDP, California",93.0,0.0,0.0
06,73690,"Spring Valley CDP (Lake County), California",970.0,0.0,0.0
06,30420,"Goodyears Bar CDP, California",33.0,0.0,0.0
06,73612,"Spreckels CDP, California",562.0,0.0,0.0
06,72478,"Soda Bay CDP, California",1169.0,0.0,0.0
06,03792,"Bangor CDP, California",524.0,0.0,0.0
06,09310,"Butte Creek Canyon CDP, California",921.0,0.0,0.0
06,12818,"Cherokee CDP, California",78.0,0.0,0.0
06,44830,"McGee Creek CDP, California",15.0,0.0,0.0
06,14148,"Clipper Mills CDP, California",278.0,0.0,0.0
06,62200,"Robinson Mill CDP, California",19.0,0.0,0.0
06,74186,"Stirling City CDP, California",201.0,0.0,0.0
06,86678,"Yankee Hill CDP, California",365.0,0.0,0.0
06,24918,"Forest Ranch CDP, California",557.0,0.0,0.0
06,17727,"Cuyama CDP, California",16.0,0.0,0.0
06,29070,"Garey CDP, California",137.0,0.0,0.0
06,44168,"Los Olivos CDP, California",788.0,0.0,0.0
06,83863,"Weedpatch CDP, California",2052.0,0.0,0.0
06,67070,"San Geronimo CDP, California",444.0,0.0,0.0
06,03026,"Aspen Springs CDP, California",58.0,0.0,0.0
06,86216,"Woodacre CDP, California",1574.0,0.0,0.0
06,86482,"Woodville CDP, California",1770.0,0.0,0.0
06,07316,"Bolinas CDP, California",1219.0,0.0,0.0
06,53378,"Ocotillo CDP, California",114.0,0.0,0.0
06,62756,"Romoland CDP, California",2081.0,0.0,0.0
06,19262,"Dillon Beach CDP, California",156.0,0.0,0.0
06,39690,"Lake of the Pines CDP, California",4193.0,0.0,0.0
06,51890,"North Gate CDP, California",630.0,0.0,0.0
06,51990,"North Lakeport CDP, California",3283.0,0.0,0.0
06,10676,"Camptonville CDP, California",177.0,0.0,0.0
06,18986,"Desert Edge CDP, California",3156.0,0.0,0.0
06,07694,"Boulevard CDP, California",439.0,0.0,0.0
06,18940,"Descanso CDP, California",1592.0,0.0,0.0
06,37022,"Jacumba CDP, California",176.0,0.0,0.0
06,58478,"Potrero CDP, California",465.0,0.0,0.0
06,49810,"Mount Laguna CDP, California",0.0,0.0,
06,34428,"Honcut CDP, California",150.0,0.0,0.0
06,24750,"Forbestown CDP, California",370.0,0.0,0.0
06,14442,"Cohasset CDP, California",1107.0,0.0,0.0
06,60662,"Richvale CDP, California",153.0,0.0,0.0
06,78750,"Tipton CDP, California",3152.0,0.0,0.0
06,36910,"Ivanhoe CDP, California",3804.0,0.0,0.0
06,37946,"Keene CDP, California",348.0,0.0,0.0
06,86594,"Wrightwood CDP, California",4286.0,0.0,0.0
06,23826,"Felton CDP, California",3671.0,0.0,0.0
06,84480,"Westley CDP, California",779.0,0.0,0.0
06,33504,"Hickman CDP, California",513.0,0.0,0.0
06,17708,"Cutler CDP, California",5850.0,0.0,0.0
06,73710,"Springville CDP, California",849.0,0.0,0.0
06,38548,"Kings Beach CDP, California",2824.0,0.0,0.0
06,07172,"Bluewater CDP, California",178.0,0.0,0.0
06,36084,"Huron city, California",6926.0,0.0,0.0
06,07750,"Bowles CDP, California",185.0,0.0,0.0
06,43252,"Los Alamos CDP, California",1447.0,0.0,0.0
06,48928,"Monte Rio CDP, California",1009.0,0.0,0.0
06,72646,"Sonoma city, California",11014.0,0.0,0.0
06,45512,"Manton CDP, California",404.0,0.0,0.0
06,72772,"Soulsbyville CDP, California",2348.0,0.0,0.0
06,44700,"McArthur CDP, California",380.0,0.0,0.0
06,01444,"Alturas city, California",2613.0,0.0,0.0
06,30028,"Glen Ellen CDP, California",768.0,0.0,0.0
06,44280,"Lost Hills CDP, California",2055.0,0.0,0.0
06,43126,"Lookout CDP, California",63.0,0.0,0.0
06,14708,"Collierville CDP, California",2315.0,0.0,0.0
06,19440,"Dogtown CDP, California",2548.0,0.0,0.0
06,72156,"Sky Valley CDP, California",2430.0,0.0,0.0
06,10270,"Camino CDP, California",1652.0,0.0,0.0
06,03205,"Auburn Lake Trails CDP, California",3632.0,0.0,0.0
06,77728,"Tahoma CDP, California",675.0,0.0,0.0
06,31302,"Grizzly Flats CDP, California",954.0,0.0,0.0
06,14450,"Cold Springs CDP (El Dorado County), California",637.0,0.0,0.0
06,83460,"Warm Springs CDP, California",1417.0,0.0,0.0
06,83085,"Vista Santa Rosa CDP, California",3318.0,0.0,0.0
06,78456,"Thermal CDP, California",2166.0,0.0,0.0
06,52302,"North Shore CDP, California",3349.0,0.0,0.0
06,51168,"New Pine Creek CDP, California",63.0,0.0,0.0
06,47066,"Mesa Verde CDP, California",644.0,0.0,0.0
06,39420,"Lake Almanor Peninsula CDP, California",360.0,0.0,0.0
06,17428,"Crows Landing CDP, California",209.0,0.0,0.0
06,55728,"Parklawn CDP, California",1340.0,0.0,0.0
06,31162,"Greenville CDP, California",890.0,0.0,0.0
06,16644,"Coulterville CDP, California",85.0,0.0,0.0
06,03330,"Avila Beach CDP, California",1080.0,0.0,0.0
06,56518,"Penn Valley CDP, California",1892.0,0.0,0.0
06,20424,"Eagleville CDP, California",89.0,0.0,0.0
06,41390,"Likely CDP, California",0.0,0.0,
06,56798,"Peters CDP, California",465.0,0.0,0.0
06,24526,"Floriston CDP, California",34.0,0.0,0.0
06,82562,"Victor CDP, California",384.0,0.0,0.0
06,78792,"Tobin CDP, California",0.0,0.0,
06,78008,"Taylorsville CDP, California",264.0,0.0,0.0
06,83626,"Waterloo CDP, California",750.0,0.0,0.0
06,78568,"Thornton CDP, California",934.0,0.0,0.0
06,78232,"Terminous CDP, California",494.0,0.0,0.0
06,00156,"Acampo CDP, California",520.0,0.0,0.0
06,72492,"Soda Springs CDP, California",53.0,0.0,0.0
06,30714,"Graniteville CDP, California",0.0,0.0,
06,10732,"Canby CDP, California",546.0,0.0,0.0
06,83570,"Washington CDP, California",78.0,0.0,0.0
06,38604,"Kingvale CDP, California",146.0,0.0,0.0
06,52246,"North San Juan CDP, California",297.0,0.0,0.0
06,81312,"University of California-Merced CDP, California",0.0,0.0,
06,51042,"Newell CDP, California",307.0,0.0,0.0
06,09834,"California Pines CDP, California",328.0,0.0,0.0
06,00310,"Adin CDP, California",206.0,0.0,0.0
06,12328,"Cedarville CDP, California",289.0,0.0,0.0
06,76040,"Sunny Slopes CDP, California",77.0,0.0,0.0
06,17372,"Crowley Lake CDP, California",875.0,0.0,0.0
06,46618,"Meadow Valley CDP, California",379.0,0.0,0.0
06,45988,"Markleeville CDP, California",190.0,0.0,0.0
06,36658,"Inyokern CDP, California",731.0,0.0,0.0
06,77700,"Tahoe Vista CDP, California",1290.0,0.0,0.0
06,19406,"Dixon Lane-Meadow Creek CDP, California",2738.0,0.0,0.0
06,71680,"Shoshone CDP, California",8.0,0.0,0.0
06,04856,"Belden CDP, California",0.0,0.0,
06,08744,"Bucks Lake CDP, California",16.0,0.0,0.0
06,57240,"Pine Mountain Club CDP, California",1571.0,0.0,0.0
06,49768,"Mount Hebron CDP, California",75.0,0.0,0.0
06,13364,"Chualar CDP, California",1409.0,0.0,0.0
06,40088,"Lamont CDP, California",15597.0,0.0,0.0
06,81722,"Valley Acres CDP, California",430.0,0.0,0.0
06,39570,"Lake Isabella CDP, California",4287.0,0.0,0.0
06,38772,"Knightsen CDP, California",1576.0,0.0,0.0
06,36126,"Hydesville CDP, California",1004.0,0.0,0.0
06,23910,"Ferndale city, California",1458.0,0.0,0.0
06,07162,"Blue Lake city, California",1096.0,0.0,0.0
06,53182,"Oak View CDP, California",4472.0,0.0,0.0
06,02812,"Aromas CDP, California",2650.0,0.0,0.0
06,46702,"Meiners Oaks CDP, California",3182.0,0.0,0.0
06,25534,"Frazier Park CDP, California",2440.0,0.0,0.0
06,73815,"Squirrel Mountain Valley CDP, California",1339.0,0.0,0.0
06,50034,"Murphys CDP, California",2070.0,0.0,0.0
06,01514,"Amador City city, California",148.0,0.0,0.0
06,25128,"Fort Jones city, California",819.0,0.0,0.0
06,31246,"Grenada CDP, California",471.0,0.0,0.0
06,06728,"Biola CDP, California",1390.0,0.0,0.0
06,31029,"Greenhorn CDP, California",220.0,0.0,0.0
06,21138,"East Shore CDP, California",193.0,0.0,0.0
06,17267,"C-Road CDP, California",103.0,0.0,0.0
06,14106,"Clio CDP, California",42.0,0.0,0.0
06,77392,"Sutter Creek city, California",2517.0,0.0,0.0
06,51392,"Niland CDP, California",690.0,0.0,0.0
06,33084,"Heber CDP, California",4273.0,0.0,0.0
06,80448,"Trinidad city, California",199.0,0.0,0.0
06,42104,"Lockeford CDP, California",3283.0,0.0,0.0
06,85642,"Willow Creek CDP, California",1434.0,0.0,0.0
06,83402,"Walnut Park CDP, California",15915.0,0.0,0.0
06,36826,"Irwindale city, California",1371.0,0.0,0.0
06,40592,"Las Lomas CDP, California",3762.0,0.0,0.0
06,58226,"Port Costa CDP, California",178.0,0.0,0.0
06,11600,"Cartago CDP, California",11.0,0.0,0.0
06,47086,"Mesa Vista CDP, California",291.0,0.0,0.0
06,12132,"Cayucos CDP, California",2847.0,0.0,0.0
06,31134,"Greenview CDP, California",175.0,0.0,0.0
06,73794,"Squaw Valley CDP, California",3044.0,0.0,0.0
06,23630,"Farmington CDP, California",103.0,0.0,0.0
06,01651,"Amesti CDP, California",2851.0,0.0,0.0
06,16434,"Corralitos CDP, California",2920.0,0.0,0.0
06,37106,"Jamestown CDP, California",2618.0,0.0,0.0
06,09892,"Calistoga city, California",5281.0,0.0,0.0
06,47332,"Middletown CDP, California",627.0,0.0,0.0
06,38702,"Klamath CDP, California",722.0,0.0,0.0
06,24134,"Firebaugh city, California",8275.0,0.0,0.0
06,06150,"Bertsch-Oceanview CDP, California",2140.0,0.0,0.0
06,63134,"Round Mountain CDP, California",98.0,0.0,0.0
06,52764,"Oakhurst CDP, California",3605.0,0.0,0.0
06,20032,"Ducor CDP, California",657.0,0.0,0.0
06,81869,"Valley Ranch CDP, California",10.0,0.0,0.0
06,56182,"Paxton CDP, California",0.0,0.0,
06,36735,"Iron Horse CDP, California",405.0,0.0,0.0
06,55422,"Palo Verde CDP, California",86.0,0.0,0.0
06,70798,"Seeley CDP, California",1573.0,0.0,0.0
06,13077,"Chilcoot-Vinton CDP, California",140.0,0.0,0.0
06,78890,"Tomales CDP, California",260.0,0.0,0.0
06,44350,"Lower Lake CDP, California",1443.0,0.0,0.0
06,44812,"Macdoel CDP, California",91.0,0.0,0.0
06,37904,"Keddie CDP, California",42.0,0.0,0.0
06,80784,"Tupman CDP, California",159.0,0.0,0.0
06,45736,"Maricopa city, California",1127.0,0.0,0.0
06,23812,"Fellows CDP, California",57.0,0.0,0.0
06,21188,"East Sonora CDP, California",2319.0,0.0,0.0
06,22146,"Elmira CDP, California",247.0,0.0,0.0
06,48480,"Mokelumne Hill CDP, California",604.0,0.0,0.0
06,67126,"San Joaquin city, California",4025.0,0.0,0.0
06,71246,"Shaver Lake CDP, California",552.0,0.0,0.0
06,24897,"Forest Meadows CDP, California",1715.0,0.0,0.0
06,38310,"Kernville CDP, California",1175.0,0.0,0.0
06,86020,"Winterhaven CDP, California",183.0,0.0,0.0
06,37512,"Johnsville CDP, California",0.0,0.0,
06,21026,"East Quincy CDP, California",2494.0,0.0,0.0
06,48641,"Mono Vista CDP, California",3346.0,0.0,0.0
06,31890,"Hamilton City CDP, California",2357.0,0.0,0.0
06,31568,"Gustine city, California",5735.0,0.0,0.0
06,49628,"Mountain Ranch CDP, California",1045.0,0.0,0.0
06,24764,"Ford City CDP, California",4388.0,0.0,0.0
06,18030,"Darwin CDP, California",34.0,0.0,0.0
06,47013,"Mesa CDP, California",288.0,0.0,0.0
06,08828,"Buena Vista CDP, California",436.0,0.0,0.0
06,11166,"Caribou CDP, California",0.0,0.0,
06,17078,"Cressey CDP, California",316.0,0.0,0.0
06,19654,"Dos Palos Y CDP, California",279.0,0.0,0.0
06,22286,"El Nido CDP, California",341.0,0.0,0.0
06,02770,"Arnold CDP, California",2798.0,0.0,0.0
06,72408,"Snelling CDP, California",115.0,0.0,0.0
06,80882,"Tuttle CDP, California",63.0,0.0,0.0
06,74144,"Stevinson CDP, California",351.0,0.0,0.0
06,68014,"San Juan Bautista city, California",2212.0,0.0,0.0
06,41656,"Lindcove CDP, California",419.0,0.0,0.0
06,44770,"McClenney Tract CDP, California",27.0,0.0,0.0
06,04632,"Bear Creek CDP, California",186.0,0.0,0.0
06,54218,"Orick CDP, California",295.0,0.0,0.0
06,06567,"Big Lagoon CDP, California",113.0,0.0,0.0
06,24008,"Fieldbrook CDP, California",865.0,0.0,0.0
06,42328,"Loleta CDP, California",591.0,0.0,0.0
06,70518,"Scotia CDP, California",734.0,0.0,0.0
06,31099,"Green Valley CDP (Solano County), California",1314.0,0.0,0.0
06,60606,"Richgrove CDP, California",2923.0,0.0,0.0
06,84004,"Weott CDP, California",307.0,0.0,0.0
06,38076,"Kennedy Meadows CDP, California",21.0,0.0,0.0
06,22360,"El Rancho CDP, California",103.0,0.0,0.0
06,32324,"Hartland CDP, California",0.0,0.0,
06,23980,"Fiddletown CDP, California",393.0,0.0,0.0
06,10042,"Camanche North Shore CDP, California",928.0,0.0,0.0
06,71414,"Sheridan CDP, California",1337.0,0.0,0.0
06,20298,"Dutch Flat CDP, California",165.0,0.0,0.0
06,01276,"Alta CDP, California",476.0,0.0,0.0
06,11418,"Carnelian Bay CDP, California",438.0,0.0,0.0
06,56546,"Penryn CDP, California",939.0,0.0,0.0
06,10044,"Camanche Village CDP, California",755.0,0.0,0.0
06,19976,"Drytown CDP, California",201.0,0.0,0.0
06,46100,"Martell CDP, California",298.0,0.0,0.0
06,21210,"East Tulare Villa CDP, California",782.0,0.0,0.0
06,57148,"Pine Grove CDP, California",2137.0,0.0,0.0
06,57330,"Pioneer CDP, California",1432.0,0.0,0.0
06,83094,"Volcano CDP, California",35.0,0.0,0.0
06,61124,"River Pines CDP, California",452.0,0.0,0.0
06,09822,"California Hot Springs CDP, California",45.0,0.0,0.0
06,10494,"Camp Nelson CDP, California",0.0,0.0,
06,12314,"Cedar Slope CDP, California",0.0,0.0,
06,18450,"Delft Colony CDP, California",349.0,0.0,0.0
06,50146,"Myers Flat CDP, California",0.0,0.0,
06,71372,"Shelter Cove CDP, California",477.0,0.0,0.0
06,19878,"Doyle CDP, California",533.0,0.0,0.0
06,73868,"Stallion Springs CDP, California",3417.0,0.0,0.0
06,60592,"Richfield CDP, California",275.0,0.0,0.0
06,24568,"Flournoy CDP, California",165.0,0.0,0.0
06,58758,"Princeton CDP, California",287.0,0.0,0.0
06,31288,"Grimes CDP, California",271.0,0.0,0.0
06,46338,"Maxwell CDP, California",942.0,0.0,0.0
06,75154,"Stonyford CDP, California",369.0,0.0,0.0
06,40526,"Las Flores CDP (Orange County), California",5665.0,0.0,0.0
06,22846,"Esparto CDP, California",3732.0,0.0,0.0
06,11656,"Casa Conejo CDP, California",3393.0,0.0,0.0
06,05276,"Bend CDP, California",505.0,0.0,0.0
06,11614,"Caruthers CDP, California",2984.0,0.0,0.0
06,27014,"Friant CDP, California",552.0,0.0,0.0
06,14302,"Cobb CDP, California",984.0,0.0,0.0
06,06475,"Big Bend CDP, California",107.0,0.0,0.0
06,85086,"Whitehawk CDP, California",49.0,0.0,0.0
06,73654,"Spring Garden CDP, California",8.0,0.0,0.0
06,39483,"Lake Davis CDP, California",44.0,0.0,0.0
06,31883,"Hamilton Branch CDP, California",627.0,0.0,0.0
06,56196,"Paynes Creek CDP, California",53.0,0.0,0.0
06,58814,"Proberta CDP, California",218.0,0.0,0.0
06,37484,"Johnstonville CDP, California",1159.0,0.0,0.0
06,20900,"East Nicolaus CDP, California",236.0,0.0,0.0
06,44644,"Lytle Creek CDP, California",901.0,0.0,0.0
06,80266,"Tranquillity CDP, California",758.0,0.0,0.0
06,46828,"Mendota city, California",11396.0,0.0,0.0
06,40746,"Laton CDP, California",1921.0,0.0,0.0
06,57302,"Piñon Hills CDP, California",7583.0,0.0,0.0
06,34392,"Homestead Valley CDP, California",2987.0,0.0,0.0
06,02382,"Aptos Hills-Larkin Valley CDP, California",2291.0,0.0,0.0
06,03512,"Baker CDP, California",626.0,0.0,0.0
06,51336,"Nicolaus CDP, California",185.0,0.0,0.0
06,40536,"Las Flores CDP (Tehama County), California",350.0,0.0,0.0
06,60970,"Rio Oso CDP, California",421.0,0.0,0.0
06,80560,"Trowbridge CDP, California",241.0,0.0,0.0
06,62168,"Robbins CDP, California",329.0,0.0,0.0
06,32408,"Hat Creek CDP, California",219.0,0.0,0.0
06,71218,"Shasta CDP, California",1776.0,0.0,0.0
06,84863,"Westside CDP, California",234.0,0.0,0.0
06,41908,"Little Valley CDP, California",26.0,0.0,0.0
06,23196,"Fairhaven CDP, California",171.0,0.0,0.0
06,06336,"Bieber CDP, California",170.0,0.0,0.0
