GEOID,NAME,variable,estimate,moe
0600135,"Acalanes Ridge CDP, California",B01001_001,889,298
0600156,"Acampo CDP, California",B01001_001,294,244
0600212,"Acton CDP, California",B01001_001,7185,512
0600296,"Adelanto city, California",B01001_001,33416,52
0600310,"Adin CDP, California",B01001_001,201,95
0600394,"Agoura Hills city, California",B01001_001,20636,28
0600450,"Agua Dulce CDP, California",B01001_001,3728,605
0600464,"Aguanga CDP, California",B01001_001,835,356
0600478,"Ahwahnee CDP, California",B01001_001,2461,592
0600535,"Airport CDP, California",B01001_001,1222,386
0600562,"Alameda city, California",B01001_001,78462,44
0600618,"Alamo CDP, California",B01001_001,15317,696
0600674,"Albany city, California",B01001_001,19758,59
0600716,"Albion CDP, California",B01001_001,302,117
0600786,"Alderpoint CDP, California",B01001_001,157,125
0600884,"Alhambra city, California",B01001_001,84974,65
0600898,"Alhambra Valley CDP, California",B01001_001,739,251
0600947,"Aliso Viejo city, California",B01001_001,50925,36
0600982,"Alleghany CDP, California",B01001_001,30,45
0600996,"Allendale CDP, California",B01001_001,1362,308
0601010,"Allensworth CDP, California",B01001_001,527,125
0601094,"Almanor CDP, California",B01001_001,0,12
0601150,"Alondra Park CDP, California",B01001_001,8097,914
0601164,"Alpaugh CDP, California",B01001_001,1074,200
0601192,"Alpine CDP, California",B01001_001,15233,862
0601228,"Alpine Village CDP, California",B01001_001,155,62
0601276,"Alta CDP, California",B01001_001,485,124
0601290,"Altadena CDP, California",B01001_001,45146,1393
0601360,"Alta Sierra CDP, California",B01001_001,7207,346
0601416,"Alto CDP, California",B01001_001,765,253
0601444,"Alturas city, California",B01001_001,2577,13
0601458,"Alum Rock CDP, California",B01001_001,11791,961
0601514,"Amador City city, California",B01001_001,167,82
0601640,"American Canyon city, California",B01001_001,20306,45
0601651,"Amesti CDP, California",B01001_001,2832,315
0602000,"Anaheim city, California",B01001_001,349668,82
0602028,"Anchor Bay CDP, California",B01001_001,314,136
0602042,"Anderson city, California",B01001_001,10265,34
0602112,"Angels city, California",B01001_001,3811,31
0602168,"Angwin CDP, California",B01001_001,3424,315
0602210,"Antelope CDP, California",B01001_001,47326,1255
0602252,"Antioch city, California",B01001_001,110730,129
0602294,"Anza CDP, California",B01001_001,3151,990
0602364,"Apple Valley town, California",B01001_001,72359,44
0602378,"Aptos CDP, California",B01001_001,5797,613
0602382,"Aptos Hills-Larkin Valley CDP, California",B01001_001,1993,418
0602420,"Arbuckle CDP, California",B01001_001,3636,419
0602462,"Arcadia city, California",B01001_001,58207,48
0602476,"Arcata city, California",B01001_001,18050,48
0602553,"Arden-Arcade CDP, California",B01001_001,100548,1907
0602700,"Armona CDP, California",B01001_001,3795,630
0602770,"Arnold CDP, California",B01001_001,2605,442
0602812,"Aromas CDP, California",B01001_001,2553,472
0602868,"Arroyo Grande city, California",B01001_001,18039,44
0602896,"Artesia city, California",B01001_001,16817,40
0602910,"Artois CDP, California",B01001_001,292,129
0602924,"Arvin city, California",B01001_001,21005,25
0602980,"Ashland CDP, California",B01001_001,23635,1056
0603026,"Aspen Springs CDP, California",B01001_001,67,80
0603064,"Atascadero city, California",B01001_001,30037,41
0603092,"Atherton town, California",B01001_001,7185,24
0603162,"Atwater city, California",B01001_001,29197,31
0603190,"Auberry CDP, California",B01001_001,2476,400
0603204,"Auburn city, California",B01001_001,13946,42
0603205,"Auburn Lake Trails CDP, California",B01001_001,3499,479
0603209,"August CDP, California",B01001_001,8774,1220
0603274,"Avalon city, California",B01001_001,3763,32
0603302,"Avenal city, California",B01001_001,12923,25
0603316,"Avery CDP, California",B01001_001,559,203
0603330,"Avila Beach CDP, California",B01001_001,1273,285
0603344,"Avocado Heights CDP, California",B01001_001,15903,795
0603386,"Azusa city, California",B01001_001,49544,55
0603512,"Baker CDP, California",B01001_001,607,161
0603526,"Bakersfield city, California",B01001_001,375699,120
0603666,"Baldwin Park city, California",B01001_001,76222,70
0603694,"Ballard CDP, California",B01001_001,473,193
0603708,"Ballico CDP, California",B01001_001,401,131
0603792,"Bangor CDP, California",B01001_001,372,143
0603820,"Banning city, California",B01001_001,30942,44
0604030,"Barstow city, California",B01001_001,23812,35
0604198,"Bass Lake CDP, California",B01001_001,500,240
0604415,"Bay Point CDP, California",B01001_001,25165,811
0604470,"Bayview CDP (Contra Costa County), California",B01001_001,1954,419
0604478,"Bayview CDP (Humboldt County), California",B01001_001,2617,320
0604576,"Beale AFB CDP, California",B01001_001,1039,176
0604632,"Bear Creek CDP, California",B01001_001,157,101
0604716,"Bear Valley CDP (Alpine County), California",B01001_001,58,42
0604730,"Bear Valley CDP (Mariposa County), California",B01001_001,203,140
0604734,"Bear Valley Springs CDP, California",B01001_001,5442,512
0604758,"Beaumont city, California",B01001_001,45403,103
0604772,"Beckwourth CDP, California",B01001_001,214,132
0604856,"Belden CDP, California",B01001_001,0,12
0604870,"Bell city, California",B01001_001,35809,29
0604926,"Bella Vista CDP, California",B01001_001,2614,292
0604938,"Bell Canyon CDP, California",B01001_001,2391,308
0604982,"Bellflower city, California",B01001_001,77529,60
0604996,"Bell Gardens city, California",B01001_001,42641,26
0605108,"Belmont city, California",B01001_001,27110,62
0605164,"Belvedere city, California",B01001_001,2098,153
0605262,"Benbow CDP, California",B01001_001,161,124
0605276,"Bend CDP, California",B01001_001,457,163
0605290,"Benicia city, California",B01001_001,28088,42
0605332,"Ben Lomond CDP, California",B01001_001,7071,575
0605346,"Benton CDP, California",B01001_001,313,120
0606000,"Berkeley city, California",B01001_001,120926,46
0606028,"Bermuda Dunes CDP, California",B01001_001,6817,726
0606070,"Berry Creek CDP, California",B01001_001,1241,229
0606150,"Bertsch-Oceanview CDP, California",B01001_001,2042,318
0606210,"Bethel Island CDP, California",B01001_001,2010,443
0606308,"Beverly Hills city, California",B01001_001,34362,35
0606336,"Bieber CDP, California",B01001_001,178,106
0606406,"Big Bear City CDP, California",B01001_001,13312,1027
0606434,"Big Bear Lake city, California",B01001_001,5229,22
0606475,"Big Bend CDP, California",B01001_001,96,46
0606518,"Big Creek CDP, California",B01001_001,188,82
0606560,"Biggs city, California",B01001_001,2323,365
0606567,"Big Lagoon CDP, California",B01001_001,118,53
0606616,"Big Pine CDP, California",B01001_001,1568,169
0606635,"Big River CDP, California",B01001_001,1145,139
0606728,"Biola CDP, California",B01001_001,1451,298
0606798,"Bishop city, California",B01001_001,3765,26
0606928,"Blackhawk CDP, California",B01001_001,9860,681
0606935,"Blacklake CDP, California",B01001_001,892,282
0606982,"Black Point-Green Point CDP, California",B01001_001,1655,242
0606994,"Blairsden CDP, California",B01001_001,25,25
0607036,"Bloomfield CDP, California",B01001_001,387,158
0607064,"Bloomington CDP, California",B01001_001,21783,1636
0607162,"Blue Lake city, California",B01001_001,981,227
0607172,"Bluewater CDP, California",B01001_001,161,62
0607218,"Blythe city, California",B01001_001,19581,33
0607246,"Bodega CDP, California",B01001_001,473,187
0607260,"Bodega Bay CDP, California",B01001_001,733,252
0607274,"Bodfish CDP, California",B01001_001,1384,360
0607316,"Bolinas CDP, California",B01001_001,1077,233
0607372,"Bombay Beach CDP, California",B01001_001,415,143
0607379,"Bonadelle Ranchos-Madera Ranchos CDP, California",B01001_001,8971,695
0607414,"Bonita CDP, California",B01001_001,13324,1365
0607470,"Bonny Doon CDP, California",B01001_001,3009,348
0607498,"Bonsall CDP, California",B01001_001,4464,330
0607512,"Boonville CDP, California",B01001_001,852,196
0607525,"Bootjack CDP, California",B01001_001,768,348
0607568,"Boron CDP, California",B01001_001,2312,317
0607578,"Boronda CDP, California",B01001_001,1066,521
0607596,"Borrego Springs CDP, California",B01001_001,2252,605
0607624,"Bostonia CDP, California",B01001_001,17530,1365
0607652,"Boulder Creek CDP, California",B01001_001,4712,668
0607694,"Boulevard CDP, California",B01001_001,445,251
0607750,"Bowles CDP, California",B01001_001,194,67
0607848,"Boyes Hot Springs CDP, California",B01001_001,7863,956
0607946,"Bradbury city, California",B01001_001,916,122
0607974,"Bradley CDP, California",B01001_001,107,57
0608058,"Brawley city, California",B01001_001,26009,59
0608100,"Brea city, California",B01001_001,42330,53
0608142,"Brentwood city, California",B01001_001,60446,116
0608172,"Bret Harte CDP, California",B01001_001,5319,608
0608240,"Bridgeport CDP, California",B01001_001,464,261
0608310,"Brisbane city, California",B01001_001,4692,21
0608338,"Broadmoor CDP, California",B01001_001,5286,607
0608478,"Brookdale CDP, California",B01001_001,2345,684
0608530,"Brooktrails CDP, California",B01001_001,3709,766
0608680,"Buckhorn CDP, California",B01001_001,2246,380
0608716,"Buck Meadows CDP, California",B01001_001,51,56
0608744,"Bucks Lake CDP, California",B01001_001,15,23
0608758,"Buellton city, California",B01001_001,5092,21
0608786,"Buena Park city, California",B01001_001,82781,64
0608828,"Buena Vista CDP, California",B01001_001,526,218
0608954,"Burbank city, California",B01001_001,104275,50
0608968,"Burbank CDP, California",B01001_001,5252,401
0609066,"Burlingame city, California",B01001_001,30459,43
0609122,"Burney CDP, California",B01001_001,3807,441
0609150,"Burnt Ranch CDP, California",B01001_001,338,108
0609310,"Butte Creek Canyon CDP, California",B01001_001,931,273
0609318,"Butte Meadows CDP, California",B01001_001,53,86
0609324,"Butte Valley CDP, California",B01001_001,510,186
0609332,"Buttonwillow CDP, California",B01001_001,1591,333
0609346,"Byron CDP, California",B01001_001,1348,233
0609353,"Bystrom CDP, California",B01001_001,4099,472
0609360,"Cabazon CDP, California",B01001_001,3367,711
0609598,"Calabasas city, California",B01001_001,24077,39
0609710,"Calexico city, California",B01001_001,39934,23
0609780,"California City city, California",B01001_001,13646,28
0609822,"California Hot Springs CDP, California",B01001_001,36,24
0609834,"California Pines CDP, California",B01001_001,488,233
0609864,"Calimesa city, California",B01001_001,8651,38
0609878,"Calipatria city, California",B01001_001,7458,26
0609892,"Calistoga city, California",B01001_001,5285,21
0609948,"Callender CDP, California",B01001_001,1583,483
0609990,"Calpella CDP, California",B01001_001,562,269
0610004,"Calpine CDP, California",B01001_001,216,108
0610032,"Calwa CDP, California",B01001_001,1974,714
0610042,"Camanche North Shore CDP, California",B01001_001,1029,303
0610044,"Camanche Village CDP, California",B01001_001,620,215
0610046,"Camarillo city, California",B01001_001,67543,60
0610074,"Cambria CDP, California",B01001_001,5725,346
0610088,"Cambrian Park CDP, California",B01001_001,3094,398
0610256,"Cameron Park CDP, California",B01001_001,19902,920
0610270,"Camino CDP, California",B01001_001,1799,324
0610301,"Camino Tassajara CDP, California",B01001_001,3798,574
0610345,"Campbell city, California",B01001_001,42470,60
0610494,"Camp Nelson CDP, California",B01001_001,0,12
0610508,"Campo CDP, California",B01001_001,3482,802
0610559,"Camp Pendleton North CDP, California",B01001_001,7903,1317
0610561,"Camp Pendleton South CDP, California",B01001_001,11459,1954
0610676,"Camptonville CDP, California",B01001_001,162,69
0610732,"Canby CDP, California",B01001_001,497,243
0610816,"Cantua Creek CDP, California",B01001_001,273,182
0610914,"Canyondam CDP, California",B01001_001,66,53
0610928,"Canyon Lake city, California",B01001_001,11106,32
0611040,"Capitola city, California",B01001_001,10135,20
0611166,"Caribou CDP, California",B01001_001,0,12
0611194,"Carlsbad city, California",B01001_001,113670,74
0611250,"Carmel-by-the-Sea city, California",B01001_001,3855,18
0611324,"Carmel Valley Village CDP, California",B01001_001,4293,668
0611376,"Carmet CDP, California",B01001_001,0,12
0611390,"Carmichael CDP, California",B01001_001,64785,1277
0611418,"Carnelian Bay CDP, California",B01001_001,463,163
0611446,"Carpinteria city, California",B01001_001,13550,39
0611481,"Carrick CDP, California",B01001_001,47,49
0611530,"Carson city, California",B01001_001,92517,65
0611600,"Cartago CDP, California",B01001_001,7,10
0611614,"Caruthers CDP, California",B01001_001,2773,521
0611656,"Casa Conejo CDP, California",B01001_001,3366,356
0611691,"Casa de Oro-Mount Helix CDP, California",B01001_001,19635,1149
0611754,"Casmalia CDP, California",B01001_001,111,77
0611768,"Caspar CDP, California",B01001_001,812,416
0611782,"Cassel CDP, California",B01001_001,176,146
0611796,"Castaic CDP, California",B01001_001,18921,632
0611915,"Castle Hill CDP, California",B01001_001,1145,320
0611964,"Castro Valley CDP, California",B01001_001,63288,1232
0611978,"Castroville CDP, California",B01001_001,6686,617
0612048,"Cathedral City city, California",B01001_001,54037,51
0612062,"Catheys Valley CDP, California",B01001_001,794,213
0612132,"Cayucos CDP, California",B01001_001,2692,361
0612146,"Cazadero CDP, California",B01001_001,288,137
0612300,"Cedar Ridge CDP, California",B01001_001,1037,210
0612314,"Cedar Slope CDP, California",B01001_001,0,12
0612328,"Cedarville CDP, California",B01001_001,360,122
0612412,"Centerville CDP, California",B01001_001,366,190
0612524,"Ceres city, California",B01001_001,47975,39
0612552,"Cerritos city, California",B01001_001,50172,46
0612594,"Chalfant CDP, California",B01001_001,999,395
0612612,"Challenge-Brownsville CDP, California",B01001_001,864,372
0612669,"Channel Islands Beach CDP, California",B01001_001,2864,536
0612734,"Charter Oak CDP, California",B01001_001,9760,835
0612818,"Cherokee CDP, California",B01001_001,139,94
0612860,"Cherokee Strip CDP, California",B01001_001,191,118
0612902,"Cherryland CDP, California",B01001_001,16387,1124
0612916,"Cherry Valley CDP, California",B01001_001,7755,698
0612930,"Chester CDP, California",B01001_001,2116,328
0613014,"Chico city, California",B01001_001,91998,104
0613077,"Chilcoot-Vinton CDP, California",B01001_001,147,106
0613157,"China Lake Acres CDP, California",B01001_001,1947,669
0613182,"Chinese Camp CDP, California",B01001_001,206,121
0613210,"Chino city, California",B01001_001,87735,131
0613214,"Chino Hills city, California",B01001_001,79298,127
0613294,"Chowchilla city, California",B01001_001,18533,41
0613364,"Chualar CDP, California",B01001_001,1442,385
0613392,"Chula Vista city, California",B01001_001,266468,77
0613560,"Citrus CDP, California",B01001_001,10771,873
0613588,"Citrus Heights city, California",B01001_001,87061,106
0613756,"Claremont city, California",B01001_001,36025,74
0613784,"Clarksburg CDP, California",B01001_001,442,267
0613854,"Clay CDP, California",B01001_001,1083,195
0613882,"Clayton city, California",B01001_001,11967,25
0613910,"Clear Creek CDP, California",B01001_001,226,155
0613945,"Clearlake city, California",B01001_001,15323,28
0613966,"Clearlake Oaks CDP, California",B01001_001,2279,428
0613985,"Clearlake Riviera CDP, California",B01001_001,3933,686
0614008,"Cleone CDP, California",B01001_001,804,268
0614106,"Clio CDP, California",B01001_001,65,65
0614148,"Clipper Mills CDP, California",B01001_001,319,240
0614190,"Cloverdale city, California",B01001_001,8798,26
0614218,"Clovis city, California",B01001_001,106666,80
0614232,"Clyde CDP, California",B01001_001,676,199
0614260,"Coachella city, California",B01001_001,44849,39
0614274,"Coalinga city, California",B01001_001,16538,34
0614288,"Coarsegold CDP, California",B01001_001,1643,521
0614302,"Cobb CDP, California",B01001_001,920,352
0614406,"Coffee Creek CDP, California",B01001_001,186,73
0614442,"Cohasset CDP, California",B01001_001,990,361
0614450,"Cold Springs CDP (El Dorado County), California",B01001_001,675,243
0614454,"Cold Springs CDP (Tuolumne County), California",B01001_001,108,120
0614484,"Coleville CDP, California",B01001_001,515,228
0614498,"Colfax city, California",B01001_001,2029,303
0614554,"College City CDP, California",B01001_001,239,104
0614708,"Collierville CDP, California",B01001_001,2642,883
0614736,"Colma town, California",B01001_001,1450,289
0614764,"Coloma CDP, California",B01001_001,673,326
0614890,"Colton city, California",B01001_001,54415,53
0614904,"Columbia CDP, California",B01001_001,2217,346
0614946,"Colusa city, California",B01001_001,5902,29
0614974,"Commerce city, California",B01001_001,12933,39
0615030,"Comptche CDP, California",B01001_001,83,61
0615044,"Compton city, California",B01001_001,97301,123
0616000,"Concord city, California",B01001_001,128758,75
0616035,"Concow CDP, California",B01001_001,743,171
0616090,"Contra Costa Centre CDP, California",B01001_001,6497,573
0616210,"Copperopolis CDP, California",B01001_001,4299,453
0616224,"Corcoran city, California",B01001_001,22301,32
0616322,"Corning city, California",B01001_001,7535,22
0616350,"Corona city, California",B01001_001,165355,105
0616378,"Coronado city, California",B01001_001,23620,32
0616420,"Coronita CDP, California",B01001_001,3138,616
0616434,"Corralitos CDP, California",B01001_001,2381,464
0616462,"Corte Madera town, California",B01001_001,9866,25
0616532,"Costa Mesa city, California",B01001_001,113198,59
0616560,"Cotati city, California",B01001_001,7470,27
0616580,"Coto de Caza CDP, California",B01001_001,14931,545
0616630,"Cottonwood CDP, California",B01001_001,3289,631
0616644,"Coulterville CDP, California",B01001_001,38,43
0616651,"Country Club CDP, California",B01001_001,9846,736
0616714,"Courtland CDP, California",B01001_001,537,388
0616728,"Covelo CDP, California",B01001_001,1165,290
0616742,"Covina city, California",B01001_001,48403,101
0616762,"Cowan CDP, California",B01001_001,570,412
0617022,"Crescent City city, California",B01001_001,6681,24
0617050,"Crescent Mills CDP, California",B01001_001,287,202
0617078,"Cressey CDP, California",B01001_001,356,123
0617106,"Crest CDP, California",B01001_001,2746,367
0617162,"Crestline CDP, California",B01001_001,9381,1010
0617232,"Creston CDP, California",B01001_001,30,52
0617267,"C-Road CDP, California",B01001_001,97,74
0617274,"Crockett CDP, California",B01001_001,3094,341
0617288,"Cromberg CDP, California",B01001_001,253,119
0617372,"Crowley Lake CDP, California",B01001_001,889,319
0617428,"Crows Landing CDP, California",B01001_001,278,147
0617498,"Cudahy city, California",B01001_001,24016,31
0617568,"Culver City city, California",B01001_001,39295,38
0617610,"Cupertino city, California",B01001_001,60614,87
0617708,"Cutler CDP, California",B01001_001,5774,1038
0617722,"Cutten CDP, California",B01001_001,3029,456
0617727,"Cuyama CDP, California",B01001_001,9,11
0617750,"Cypress city, California",B01001_001,48955,62
0617918,"Daly City city, California",B01001_001,106638,83
0617946,"Dana Point city, California",B01001_001,33913,58
0617988,"Danville town, California",B01001_001,44417,65
0617995,"Daphnedale Park CDP, California",B01001_001,135,131
0618030,"Darwin CDP, California",B01001_001,56,30
0618086,"Davenport CDP, California",B01001_001,264,107
0618100,"Davis city, California",B01001_001,67988,39
0618153,"Day Valley CDP, California",B01001_001,3439,522
0618324,"Deer Park CDP, California",B01001_001,906,191
0618352,"Del Aire CDP, California",B01001_001,10065,714
0618394,"Delano city, California",B01001_001,52713,41
0618450,"Delft Colony CDP, California",B01001_001,653,635
0618464,"Delhi CDP, California",B01001_001,11735,955
0618485,"Delleker CDP, California",B01001_001,514,251
0618506,"Del Mar city, California",B01001_001,4340,17
0618590,"Del Monte Forest CDP, California",B01001_001,4197,366
0618674,"Del Rey CDP, California",B01001_001,1498,341
0618688,"Del Rey Oaks city, California",B01001_001,1596,142
0618695,"Del Rio CDP, California",B01001_001,1235,377
0618856,"Denair CDP, California",B01001_001,5131,659
0618926,"Derby Acres CDP, California",B01001_001,380,93
0618940,"Descanso CDP, California",B01001_001,1644,362
0618982,"Desert Center CDP, California",B01001_001,264,139
0618986,"Desert Edge CDP, California",B01001_001,3343,409
0618996,"Desert Hot Springs city, California",B01001_001,28430,55
0619022,"Desert Palms CDP, California",B01001_001,6947,715
0619024,"Desert Shores CDP, California",B01001_001,619,273
0619052,"Desert View Highlands CDP, California",B01001_001,2496,518
0619150,"Diablo CDP, California",B01001_001,364,257
0619155,"Diablo Grande CDP, California",B01001_001,841,209
0619192,"Diamond Bar city, California",B01001_001,56434,47
0619220,"Diamond Springs CDP, California",B01001_001,11989,892
0619262,"Dillon Beach CDP, California",B01001_001,219,103
0619318,"Dinuba city, California",B01001_001,23871,29
0619339,"Discovery Bay CDP, California",B01001_001,15981,818
0619402,"Dixon city, California",B01001_001,19759,38
0619406,"Dixon Lane-Meadow Creek CDP, California",B01001_001,2760,271
0619416,"Dobbins CDP, California",B01001_001,662,414
0619440,"Dogtown CDP, California",B01001_001,2629,297
0619455,"Dollar Point CDP, California",B01001_001,786,228
0619570,"Dorrington CDP, California",B01001_001,205,88
0619584,"Dorris city, California",B01001_001,868,166
0619612,"Dos Palos city, California",B01001_001,5272,37
0619654,"Dos Palos Y CDP, California",B01001_001,242,115
0619724,"Douglas City CDP, California",B01001_001,668,160
0619766,"Downey city, California",B01001_001,112901,44
0619794,"Downieville CDP, California",B01001_001,114,88
0619878,"Doyle CDP, California",B01001_001,622,208
0619976,"Drytown CDP, California",B01001_001,20,24
0619990,"Duarte city, California",B01001_001,21713,54
0620018,"Dublin city, California",B01001_001,59172,45
0620032,"Ducor CDP, California",B01001_001,651,175
0620228,"Dunnigan CDP, California",B01001_001,1278,342
0620242,"Dunsmuir city, California",B01001_001,1589,170
0620270,"Durham CDP, California",B01001_001,5863,429
0620284,"Dustin Acres CDP, California",B01001_001,590,169
0620298,"Dutch Flat CDP, California",B01001_001,196,66
0620424,"Eagleville CDP, California",B01001_001,81,59
0620438,"Earlimart CDP, California",B01001_001,8790,697
0620598,"East Foothills CDP, California",B01001_001,6278,638
0620697,"East Hemet CDP, California",B01001_001,20679,977
0620802,"East Los Angeles CDP, California",B01001_001,119827,2021
0620900,"East Nicolaus CDP, California",B01001_001,254,82
0620907,"East Oakdale CDP, California",B01001_001,3344,450
0620928,"Easton CDP, California",B01001_001,2206,363
0620942,"East Orosi CDP, California",B01001_001,955,396
0620956,"East Palo Alto city, California",B01001_001,29633,43
0620984,"East Pasadena CDP, California",B01001_001,5971,454
0621012,"East Porterville CDP, California",B01001_001,6679,870
0621026,"East Quincy CDP, California",B01001_001,2622,482
0621034,"East Rancho Dominguez CDP, California",B01001_001,16734,943
0621061,"East Richmond Heights CDP, California",B01001_001,3214,338
0621096,"East San Gabriel CDP, California",B01001_001,15932,665
0621138,"East Shore CDP, California",B01001_001,169,123
0621188,"East Sonora CDP, California",B01001_001,2189,454
0621210,"East Tulare Villa CDP, California",B01001_001,980,263
0621230,"Eastvale city, California",B01001_001,61337,56
0621292,"East Whittier CDP, California",B01001_001,10391,632
0621530,"Edgewood CDP, California",B01001_001,40,26
0621558,"Edmundson Acres CDP, California",B01001_001,514,191
0621565,"Edna CDP, California",B01001_001,186,105
0621600,"Edwards AFB CDP, California",B01001_001,2571,246
0621712,"El Cajon city, California",B01001_001,103285,71
0621782,"El Centro city, California",B01001_001,43898,45
0621796,"El Cerrito city, California",B01001_001,25203,44
0621810,"El Cerrito CDP, California",B01001_001,5471,663
0621880,"El Dorado Hills CDP, California",B01001_001,45599,1150
0621894,"Eldridge CDP, California",B01001_001,1351,507
0621936,"El Granada CDP, California",B01001_001,5819,679
0621964,"Elizabeth Lake CDP, California",B01001_001,1895,266
0622006,"Elk Creek CDP, California",B01001_001,191,95
0622020,"Elk Grove city, California",B01001_001,168503,81
0622034,"Elkhorn CDP, California",B01001_001,1151,271
0622146,"Elmira CDP, California",B01001_001,285,142
0622230,"El Monte city, California",B01001_001,115669,86
0622286,"El Nido CDP, California",B01001_001,328,109
0622300,"El Paso de Robles (Paso Robles) city, California",B01001_001,31656,38
0622328,"El Portal CDP, California",B01001_001,268,152
0622360,"El Rancho CDP, California",B01001_001,65,119
0622370,"El Rio CDP, California",B01001_001,6505,522
0622412,"El Segundo city, California",B01001_001,16850,50
0622454,"El Sobrante CDP (Contra Costa County), California",B01001_001,13736,960
0622457,"El Sobrante CDP (Riverside County), California",B01001_001,13966,1171
0622510,"El Verano CDP, California",B01001_001,3424,666
0622524,"Elverta CDP, California",B01001_001,5821,455
0622587,"Emerald Lake Hills CDP, California",B01001_001,4594,427
0622594,"Emeryville city, California",B01001_001,11724,51
0622622,"Empire CDP, California",B01001_001,3667,396
0622678,"Encinitas city, California",B01001_001,62713,59
0622790,"Escalon city, California",B01001_001,7509,35
0622804,"Escondido city, California",B01001_001,151115,64
0622846,"Esparto CDP, California",B01001_001,3783,652
0622972,"Etna city, California",B01001_001,735,153
0623000,"Eucalyptus Hills CDP, California",B01001_001,6017,739
0623042,"Eureka city, California",B01001_001,27020,34
0623126,"Exeter city, California",B01001_001,10505,28
0623150,"Fairbanks Ranch CDP, California",B01001_001,2901,856
0623168,"Fairfax town, California",B01001_001,7591,21
0623182,"Fairfield city, California",B01001_001,114101,59
0623196,"Fairhaven CDP, California",B01001_001,145,47
0623210,"Fairmead CDP, California",B01001_001,1876,285
0623294,"Fair Oaks CDP, California",B01001_001,31002,976
0623350,"Fairview CDP, California",B01001_001,10299,640
0623462,"Fallbrook CDP, California",B01001_001,33021,1289
0623532,"Fall River Mills CDP, California",B01001_001,273,181
0623616,"Farmersville city, California",B01001_001,10742,43
0623630,"Farmington CDP, California",B01001_001,89,80
0623812,"Fellows CDP, California",B01001_001,49,31
0623826,"Felton CDP, California",B01001_001,3810,472
0623910,"Ferndale city, California",B01001_001,1365,213
0623973,"Fetters Hot Springs-Agua Caliente CDP, California",B01001_001,4697,759
0623980,"Fiddletown CDP, California",B01001_001,329,182
0624008,"Fieldbrook CDP, California",B01001_001,921,126
0624022,"Fields Landing CDP, California",B01001_001,325,214
0624092,"Fillmore city, California",B01001_001,15598,34
0624134,"Firebaugh city, California",B01001_001,8295,20
0624218,"Fish Camp CDP, California",B01001_001,90,20
0624477,"Florence-Graham CDP, California",B01001_001,64162,1642
0624498,"Florin CDP, California",B01001_001,49132,1604
0624526,"Floriston CDP, California",B01001_001,20,22
0624568,"Flournoy CDP, California",B01001_001,171,79
0624638,"Folsom city, California",B01001_001,77007,39
0624680,"Fontana city, California",B01001_001,208943,92
0624722,"Foothill Farms CDP, California",B01001_001,33749,1308
0624750,"Forbestown CDP, California",B01001_001,221,109
0624764,"Ford City CDP, California",B01001_001,4365,543
0624834,"Foresthill CDP, California",B01001_001,1546,527
0624897,"Forest Meadows CDP, California",B01001_001,1516,354
0624918,"Forest Ranch CDP, California",B01001_001,538,251
0624960,"Forestville CDP, California",B01001_001,3685,332
0625030,"Fort Bidwell CDP, California",B01001_001,181,72
0625058,"Fort Bragg city, California",B01001_001,7298,37
0625086,"Fort Dick CDP, California",B01001_001,830,226
0625114,"Fort Irwin CDP, California",B01001_001,9086,886
0625128,"Fort Jones city, California",B01001_001,832,196
0625296,"Fortuna city, California",B01001_001,12117,33
0625300,"Fort Washington CDP, California",B01001_001,783,526
0625338,"Foster City city, California",B01001_001,33784,38
0625380,"Fountain Valley city, California",B01001_001,56372,49
0625436,"Fowler city, California",B01001_001,6364,24
0625488,"Franklin CDP (Merced County), California",B01001_001,7314,903
0625506,"Franklin CDP (Sacramento County), California",B01001_001,117,88
0625534,"Frazier Park CDP, California",B01001_001,2570,522
0625576,"Freedom CDP, California",B01001_001,3719,604
0625590,"Freeport CDP, California",B01001_001,81,67
0626000,"Fremont city, California",B01001_001,233083,95
0626028,"French Camp CDP, California",B01001_001,3857,669
0626056,"French Gulch CDP, California",B01001_001,441,90
0626067,"French Valley CDP, California",B01001_001,33818,1460
0627000,"Fresno city, California",B01001_001,522277,135
0627014,"Friant CDP, California",B01001_001,548,197
0627080,"Fruitdale CDP, California",B01001_001,899,240
0627130,"Fruitridge Pocket CDP, California",B01001_001,6215,803
0627190,"Fuller Acres CDP, California",B01001_001,841,289
0628000,"Fullerton city, California",B01001_001,139866,59
0628014,"Fulton CDP, California",B01001_001,566,394
0628021,"Furnace Creek CDP, California",B01001_001,127,48
0628112,"Galt city, California",B01001_001,25675,43
0628154,"Garberville CDP, California",B01001_001,1126,265
0628168,"Gardena city, California",B01001_001,59924,80
0628182,"Garden Acres CDP, California",B01001_001,10701,834
0628210,"Garden Farms CDP, California",B01001_001,345,194
0629000,"Garden Grove city, California",B01001_001,174010,124
0629070,"Garey CDP, California",B01001_001,160,188
0629112,"Garnet CDP, California",B01001_001,5057,686
0629154,"Gasquet CDP, California",B01001_001,620,233
0629252,"Gazelle CDP, California",B01001_001,46,23
0629350,"Georgetown CDP, California",B01001_001,2668,750
0629392,"Gerber CDP, California",B01001_001,1259,396
0629420,"Geyserville CDP, California",B01001_001,928,237
0629504,"Gilroy city, California",B01001_001,55525,41
0630000,"Glendale city, California",B01001_001,200372,44
0630014,"Glendora city, California",B01001_001,51773,75
0630028,"Glen Ellen CDP, California",B01001_001,727,237
0630282,"Golden Hills CDP, California",B01001_001,9407,669
0630339,"Gold Mountain CDP, California",B01001_001,0,12
0630345,"Gold River CDP, California",B01001_001,7523,338
0630378,"Goleta city, California",B01001_001,30790,63
0630392,"Gonzales city, California",B01001_001,8402,36
0630410,"Good Hope CDP, California",B01001_001,9173,1186
0630420,"Goodyears Bar CDP, California",B01001_001,29,28
0630476,"Goshen CDP, California",B01001_001,3316,626
0630560,"Graeagle CDP, California",B01001_001,596,171
0630658,"Grand Terrace city, California",B01001_001,12482,37
0630686,"Grangeville CDP, California",B01001_001,586,228
0630693,"Granite Bay CDP, California",B01001_001,22439,856
0630703,"Granite Hills CDP, California",B01001_001,2833,483
0630714,"Graniteville CDP, California",B01001_001,0,12
0630798,"Grass Valley city, California",B01001_001,12932,51
0630812,"Graton CDP, California",B01001_001,1877,411
0630882,"Grayson CDP, California",B01001_001,1224,359
0630900,"Greeley Hill CDP, California",B01001_001,687,184
0630938,"Greenacres CDP, California",B01001_001,5757,750
0630944,"Green Acres CDP, California",B01001_001,2542,564
0630987,"Greenfield CDP, California",B01001_001,3534,711
0630994,"Greenfield city, California",B01001_001,17276,23
0631029,"Greenhorn CDP, California",B01001_001,254,92
0631092,"Green Valley CDP (Los Angeles County), California",B01001_001,973,138
0631099,"Green Valley CDP (Solano County), California",B01001_001,1572,297
0631134,"Greenview CDP, California",B01001_001,283,148
0631162,"Greenville CDP, California",B01001_001,1108,318
0631246,"Grenada CDP, California",B01001_001,477,175
0631260,"Gridley city, California",B01001_001,6585,25
0631288,"Grimes CDP, California",B01001_001,358,255
0631302,"Grizzly Flats CDP, California",B01001_001,1087,391
0631372,"Groveland CDP, California",B01001_001,307,143
0631393,"Grover Beach city, California",B01001_001,13538,25
0631414,"Guadalupe city, California",B01001_001,7350,27
0631470,"Guerneville CDP, California",B01001_001,4808,519
0631540,"Guinda CDP, California",B01001_001,175,219
0631568,"Gustine city, California",B01001_001,5774,29
0631596,"Hacienda Heights CDP, California",B01001_001,54970,1127
0631708,"Half Moon Bay city, California",B01001_001,12706,33
0631883,"Hamilton Branch CDP, California",B01001_001,612,100
0631890,"Hamilton City CDP, California",B01001_001,2224,313
0631960,"Hanford city, California",B01001_001,55893,59
0632030,"Happy Camp CDP, California",B01001_001,810,142
0632044,"Harbison Canyon CDP, California",B01001_001,4223,452
0632156,"Hardwick CDP, California",B01001_001,30,26
0632324,"Hartland CDP, California",B01001_001,0,12
0632340,"Hartley CDP, California",B01001_001,2907,534
0632385,"Hasley Canyon CDP, California",B01001_001,1085,188
0632408,"Hat Creek CDP, California",B01001_001,164,124
0632506,"Hawaiian Gardens city, California",B01001_001,14411,30
0632548,"Hawthorne city, California",B01001_001,87370,52
0632562,"Hayfork CDP, California",B01001_001,2421,424
0633000,"Hayward city, California",B01001_001,158241,141
0633056,"Healdsburg city, California",B01001_001,11802,37
0633084,"Heber CDP, California",B01001_001,4686,931
0633182,"Hemet city, California",B01001_001,84069,107
0633294,"Herald CDP, California",B01001_001,1058,231
0633308,"Hercules city, California",B01001_001,25343,81
0633336,"Herlong CDP, California",B01001_001,1353,201
0633364,"Hermosa Beach city, California",B01001_001,19650,36
0633434,"Hesperia city, California",B01001_001,93609,106
0633504,"Hickman CDP, California",B01001_001,566,138
0633518,"Hidden Hills city, California",B01001_001,1634,249
0633532,"Hidden Meadows CDP, California",B01001_001,3386,434
0633549,"Hidden Valley Lake CDP, California",B01001_001,6044,699
0633574,"Highgrove CDP, California",B01001_001,4986,783
0633588,"Highland city, California",B01001_001,54859,64
0633633,"Highlands-Baywood Park CDP, California",B01001_001,4564,322
0633798,"Hillsborough town, California",B01001_001,11439,23
0633861,"Hilmar-Irwin CDP, California",B01001_001,5846,894
0633935,"Hiouchi CDP, California",B01001_001,433,301
0634120,"Hollister city, California",B01001_001,37835,36
0634246,"Holtville city, California",B01001_001,6458,18
0634281,"Home Garden CDP, California",B01001_001,1643,392
0634302,"Home Gardens CDP, California",B01001_001,11442,1268
0634316,"Homeland CDP, California",B01001_001,7326,842
0634392,"Homestead Valley CDP, California",B01001_001,2723,436
0634405,"Homewood Canyon CDP, California",B01001_001,35,31
0634428,"Honcut CDP, California",B01001_001,135,107
0634484,"Hood CDP, California",B01001_001,303,179
0634540,"Hoopa CDP, California",B01001_001,3573,388
0634652,"Hopland CDP, California",B01001_001,921,243
0634694,"Hornbrook CDP, California",B01001_001,215,58
0634708,"Hornitos CDP, California",B01001_001,61,79
0634904,"Hughson city, California",B01001_001,7370,30
0634928,"Humboldt Hill CDP, California",B01001_001,4268,709
0636000,"Huntington Beach city, California",B01001_001,200606,80
0636056,"Huntington Park city, California",B01001_001,58694,43
0636084,"Huron city, California",B01001_001,7019,18
0636098,"Hyampom CDP, California",B01001_001,165,129
0636126,"Hydesville CDP, California",B01001_001,978,169
0636168,"Idlewild CDP, California",B01001_001,0,12
0636203,"Idyllwild-Pine Cove CDP, California",B01001_001,2459,345
0636280,"Imperial city, California",B01001_001,17175,26
0636294,"Imperial Beach city, California",B01001_001,27290,42
0636350,"Independence CDP, California",B01001_001,542,100
0636364,"Indian Falls CDP, California",B01001_001,54,65
0636420,"Indianola CDP, California",B01001_001,686,175
0636434,"Indian Wells city, California",B01001_001,5317,26
0636448,"Indio city, California",B01001_001,88291,54
0636452,"Indio Hills CDP, California",B01001_001,708,325
0636490,"Industry city, California",B01001_001,344,137
0636546,"Inglewood city, California",B01001_001,110327,137
0636613,"Interlaken CDP, California",B01001_001,7191,746
0636616,"Inverness CDP, California",B01001_001,1127,186
0636658,"Inyokern CDP, California",B01001_001,740,434
0636672,"Ione city, California",B01001_001,7439,21
0636735,"Iron Horse CDP, California",B01001_001,60,85
0636770,"Irvine city, California",B01001_001,265502,81
0636826,"Irwindale city, California",B01001_001,1405,105
0636868,"Isla Vista CDP, California",B01001_001,27690,1175
0636882,"Isleton city, California",B01001_001,583,126
0636910,"Ivanhoe CDP, California",B01001_001,4198,716
0636980,"Jackson city, California",B01001_001,4694,22
0637022,"Jacumba CDP, California",B01001_001,202,146
0637106,"Jamestown CDP, California",B01001_001,2687,422
0637120,"Jamul CDP, California",B01001_001,5384,497
0637134,"Janesville CDP, California",B01001_001,1278,265
0637274,"Jenner CDP, California",B01001_001,32,31
0637400,"Johannesburg CDP, California",B01001_001,138,122
0637484,"Johnstonville CDP, California",B01001_001,1185,237
0637512,"Johnsville CDP, California",B01001_001,0,12
0637554,"Joshua Tree CDP, California",B01001_001,6980,903
0637582,"Julian CDP, California",B01001_001,930,236
0637596,"Junction City CDP, California",B01001_001,688,132
0637624,"June Lake CDP, California",B01001_001,508,295
0637692,"Jurupa Valley city, California",B01001_001,103784,52
0637904,"Keddie CDP, California",B01001_001,41,49
0637918,"Keeler CDP, California",B01001_001,15,8
0637946,"Keene CDP, California",B01001_001,313,200
0638024,"Kelly Ridge CDP, California",B01001_001,2679,326
0638044,"Kelseyville CDP, California",B01001_001,3332,552
0638065,"Kennedy CDP, California",B01001_001,3665,696
0638076,"Kennedy Meadows CDP, California",B01001_001,20,30
0638086,"Kensington CDP, California",B01001_001,5415,274
0638114,"Kentfield CDP, California",B01001_001,6930,423
0638156,"Kenwood CDP, California",B01001_001,800,349
0638226,"Kerman city, California",B01001_001,14649,31
0638310,"Kernville CDP, California",B01001_001,1007,385
0638352,"Keswick CDP, California",B01001_001,430,153
0638394,"Kettleman City CDP, California",B01001_001,1395,518
0638422,"Keyes CDP, California",B01001_001,6185,906
0638520,"King City city, California",B01001_001,13834,25
0638548,"Kings Beach CDP, California",B01001_001,2833,524
0638562,"Kingsburg city, California",B01001_001,11839,32
0638604,"Kingvale CDP, California",B01001_001,73,87
0638646,"Kirkwood CDP, California",B01001_001,76,51
0638702,"Klamath CDP, California",B01001_001,617,117
0638772,"Knightsen CDP, California",B01001_001,1500,361
0638800,"Knights Landing CDP, California",B01001_001,869,310
0639003,"La Cañada Flintridge city, California",B01001_001,20374,42
0639045,"La Crescenta-Montrose CDP, California",B01001_001,19500,1095
0639094,"Ladera CDP, California",B01001_001,1465,307
0639108,"Ladera Heights CDP, California",B01001_001,7090,745
0639114,"Ladera Ranch CDP, California",B01001_001,30288,1008
0639122,"Lafayette city, California",B01001_001,26060,38
0639178,"Laguna Beach city, California",B01001_001,23147,41
0639220,"Laguna Hills city, California",B01001_001,31185,54
0639248,"Laguna Niguel city, California",B01001_001,65652,69
0639259,"Laguna Woods city, California",B01001_001,16228,36
0639283,"Lagunitas-Forest Knolls CDP, California",B01001_001,1504,319
0639290,"La Habra city, California",B01001_001,61910,60
0639304,"La Habra Heights city, California",B01001_001,5383,27
0639318,"La Honda CDP, California",B01001_001,711,210
0639411,"Lake Almanor Country Club CDP, California",B01001_001,302,93
0639420,"Lake Almanor Peninsula CDP, California",B01001_001,416,153
0639425,"Lake Almanor West CDP, California",B01001_001,126,47
0639444,"Lake Arrowhead CDP, California",B01001_001,9765,1086
0639460,"Lake California CDP, California",B01001_001,3281,524
0639472,"Lake City CDP, California",B01001_001,59,47
0639483,"Lake Davis CDP, California",B01001_001,65,60
0639484,"Lake Don Pedro CDP, California",B01001_001,1030,276
0639486,"Lake Elsinore city, California",B01001_001,64037,108
0639496,"Lake Forest city, California",B01001_001,82911,56
0639514,"Lakehead CDP, California",B01001_001,617,159
0639556,"Lake Hughes CDP, California",B01001_001,587,221
0639570,"Lake Isabella CDP, California",B01001_001,3454,703
0639598,"Lakeland Village CDP, California",B01001_001,13170,1070
0639612,"Lake Los Angeles CDP, California",B01001_001,11469,712
0639645,"Lake Mathews CDP, California",B01001_001,6848,1013
0639670,"Lake Nacimiento CDP, California",B01001_001,2884,343
0639690,"Lake of the Pines CDP, California",B01001_001,4137,469
0639696,"Lake of the Woods CDP, California",B01001_001,768,207
0639710,"Lakeport city, California",B01001_001,4855,33
0639715,"Lake Riverside CDP, California",B01001_001,1049,363
0639724,"Lake San Marcos CDP, California",B01001_001,4890,796
0639735,"Lake Sherwood CDP, California",B01001_001,1835,282
0639766,"Lakeside CDP, California",B01001_001,22560,1098
0639836,"Lakeview CDP, California",B01001_001,2566,460
0639885,"Lake Wildwood CDP, California",B01001_001,5208,421
0639892,"Lakewood city, California",B01001_001,80771,89
0640004,"La Mesa city, California",B01001_001,59562,37
0640032,"La Mirada city, California",B01001_001,48974,58
0640088,"Lamont CDP, California",B01001_001,15222,766
0640116,"Lanare CDP, California",B01001_001,234,208
0640130,"Lancaster city, California",B01001_001,159662,82
0640256,"La Palma city, California",B01001_001,15733,42
0640312,"La Porte CDP, California",B01001_001,0,12
0640326,"La Presa CDP, California",B01001_001,37437,1334
0640340,"La Puente city, California",B01001_001,40268,67
0640354,"La Quinta city, California",B01001_001,40704,48
0640410,"La Riviera CDP, California",B01001_001,10851,515
0640426,"Larkfield-Wikiup CDP, California",B01001_001,8926,816
0640438,"Larkspur city, California",B01001_001,12375,60
0640508,"La Selva Beach CDP, California",B01001_001,2917,371
0640526,"Las Flores CDP (Orange County), California",B01001_001,5877,703
0640536,"Las Flores CDP (Tehama County), California",B01001_001,294,222
0640592,"Las Lomas CDP, California",B01001_001,3755,1085
0640704,"Lathrop city, California",B01001_001,21393,43
0640746,"Laton CDP, California",B01001_001,2166,360
0640830,"La Verne city, California",B01001_001,32358,59
0640872,"La Vina CDP, California",B01001_001,239,365
0640886,"Lawndale city, California",B01001_001,33007,90
0640928,"Laytonville CDP, California",B01001_001,1175,327
0640956,"Lebec CDP, California",B01001_001,1802,711
0640998,"Lee Vining CDP, California",B01001_001,89,76
0641026,"Leggett CDP, California",B01001_001,62,47
0641040,"Le Grand CDP, California",B01001_001,1726,193
0641110,"Lemon Cove CDP, California",B01001_001,267,117
0641124,"Lemon Grove city, California",B01001_001,26767,51
0641142,"Lemon Hill CDP, California",B01001_001,14096,1024
0641152,"Lemoore city, California",B01001_001,25791,32
0641166,"Lemoore Station CDP, California",B01001_001,7063,513
0641180,"Lennox CDP, California",B01001_001,21329,1025
0641194,"Lenwood CDP, California",B01001_001,3884,907
0641208,"Leona Valley CDP, California",B01001_001,1581,254
0641278,"Lewiston CDP, California",B01001_001,1340,251
0641282,"Lexington Hills CDP, California",B01001_001,2603,318
0641390,"Likely CDP, California",B01001_001,0,12
0641474,"Lincoln city, California",B01001_001,46939,44
0641558,"Lincoln Village CDP, California",B01001_001,4768,432
0641572,"Linda CDP, California",B01001_001,19314,811
0641656,"Lindcove CDP, California",B01001_001,438,201
0641670,"Linden CDP, California",B01001_001,1790,399
0641712,"Lindsay city, California",B01001_001,13232,56
0641740,"Linnell Camp CDP, California",B01001_001,686,383
0641782,"Litchfield CDP, California",B01001_001,178,129
0641789,"Little Grass Valley CDP, California",B01001_001,0,12
0641866,"Little River CDP, California",B01001_001,189,144
0641880,"Littlerock CDP, California",B01001_001,1766,719
0641908,"Little Valley CDP, California",B01001_001,18,18
0641922,"Live Oak CDP, California",B01001_001,17390,827
0641936,"Live Oak city, California",B01001_001,8622,39
0641992,"Livermore city, California",B01001_001,89027,39
0642006,"Livingston city, California",B01001_001,13997,29
0642104,"Lockeford CDP, California",B01001_001,3390,369
0642146,"Lockwood CDP, California",B01001_001,604,286
0642202,"Lodi city, California",B01001_001,65006,42
0642230,"Lodoga CDP, California",B01001_001,126,75
0642328,"Loleta CDP, California",B01001_001,676,252
0642370,"Loma Linda city, California",B01001_001,24078,36
0642384,"Loma Mar CDP, California",B01001_001,114,250
0642412,"Loma Rica CDP, California",B01001_001,3088,692
0642468,"Lomita city, California",B01001_001,20628,34
0642510,"Lompico CDP, California",B01001_001,887,233
0642524,"Lompoc city, California",B01001_001,43511,56
0642566,"London CDP, California",B01001_001,1854,225
0642580,"Lone Pine CDP, California",B01001_001,1837,306
0642622,"Long Barn CDP, California",B01001_001,93,87
0643000,"Long Beach city, California",B01001_001,468883,77
0643126,"Lookout CDP, California",B01001_001,76,50
0643140,"Loomis town, California",B01001_001,6753,26
0643224,"Los Alamitos city, California",B01001_001,11628,34
0643252,"Los Alamos CDP, California",B01001_001,1623,637
0643280,"Los Altos city, California",B01001_001,30588,29
0643294,"Los Altos Hills town, California",B01001_001,8517,50
0644000,"Los Angeles city, California",B01001_001,3959657,108
0644028,"Los Banos city, California",B01001_001,38119,48
0644042,"Los Berros CDP, California",B01001_001,541,369
0644112,"Los Gatos town, California",B01001_001,30922,42
0644140,"Los Molinos CDP, California",B01001_001,1845,304
0644168,"Los Olivos CDP, California",B01001_001,831,172
0644182,"Los Osos CDP, California",B01001_001,16292,673
0644242,"Los Ranchos CDP, California",B01001_001,1730,242
0644280,"Lost Hills CDP, California",B01001_001,1943,265
0644350,"Lower Lake CDP, California",B01001_001,1595,395
0644364,"Loyalton city, California",B01001_001,1149,192
0644378,"Loyola CDP, California",B01001_001,3364,315
0644399,"Lucas Valley-Marinwood CDP, California",B01001_001,6841,327
0644406,"Lucerne CDP, California",B01001_001,2956,519
0644420,"Lucerne Valley CDP, California",B01001_001,5423,868
0644574,"Lynwood city, California",B01001_001,71022,40
0644644,"Lytle Creek CDP, California",B01001_001,724,144
0644672,"Mabie CDP, California",B01001_001,74,68
0644700,"McArthur CDP, California",B01001_001,386,254
0644760,"McClellan Park CDP, California",B01001_001,809,240
0644770,"McClenney Tract CDP, California",B01001_001,41,43
0644784,"McCloud CDP, California",B01001_001,1072,201
0644812,"Macdoel CDP, California",B01001_001,105,108
0644826,"McFarland city, California",B01001_001,14456,23
0644830,"McGee Creek CDP, California",B01001_001,0,12
0644910,"McKinleyville CDP, California",B01001_001,16612,928
0644924,"McKittrick CDP, California",B01001_001,127,48
0645006,"McSwain CDP, California",B01001_001,4137,561
0645022,"Madera city, California",B01001_001,64362,43
0645050,"Madera Acres CDP, California",B01001_001,9946,968
0645064,"Madison CDP, California",B01001_001,563,277
0645092,"Mad River CDP, California",B01001_001,432,143
0645120,"Magalia CDP, California",B01001_001,12671,806
0645232,"Malaga CDP, California",B01001_001,1337,278
0645246,"Malibu city, California",B01001_001,12846,52
0645358,"Mammoth Lakes town, California",B01001_001,8091,16
0645386,"Manchester CDP, California",B01001_001,199,104
0645400,"Manhattan Beach city, California",B01001_001,35573,99
0645414,"Manila CDP, California",B01001_001,834,124
0645484,"Manteca city, California",B01001_001,77073,49
0645512,"Manton CDP, California",B01001_001,372,147
0645680,"March ARB CDP, California",B01001_001,1150,242
0645736,"Maricopa city, California",B01001_001,1175,193
0645778,"Marina city, California",B01001_001,21608,47
0645806,"Marina del Rey CDP, California",B01001_001,9771,957
0645820,"Marin City CDP, California",B01001_001,3173,329
0645932,"Mariposa CDP, California",B01001_001,1351,246
0645988,"Markleeville CDP, California",B01001_001,143,102
0646100,"Martell CDP, California",B01001_001,300,198
0646114,"Martinez city, California",B01001_001,38117,60
0646170,"Marysville city, California",B01001_001,12282,25
0646223,"Matheny CDP, California",B01001_001,1134,265
0646226,"Mather CDP, California",B01001_001,4408,392
0646338,"Maxwell CDP, California",B01001_001,1096,209
0646400,"Mayfair CDP, California",B01001_001,5091,685
0646436,"Mayflower Village CDP, California",B01001_001,5822,350
0646492,"Maywood city, California",B01001_001,27542,24
0646520,"Meadowbrook CDP, California",B01001_001,3033,641
0646618,"Meadow Valley CDP, California",B01001_001,362,127
0646632,"Meadow Vista CDP, California",B01001_001,3460,398
0646646,"Mead Valley CDP, California",B01001_001,19925,1726
0646660,"Mecca CDP, California",B01001_001,7174,1075
0646702,"Meiners Oaks CDP, California",B01001_001,3508,676
0646814,"Mendocino CDP, California",B01001_001,782,279
0646828,"Mendota city, California",B01001_001,11393,22
0646842,"Menifee city, California",B01001_001,88515,61
0646870,"Menlo Park city, California",B01001_001,33869,52
0646884,"Mentone CDP, California",B01001_001,9847,564
0646898,"Merced city, California",B01001_001,82289,54
0646926,"Meridian CDP, California",B01001_001,405,106
0647013,"Mesa CDP, California",B01001_001,317,69
0647066,"Mesa Verde CDP, California",B01001_001,584,276
0647086,"Mesa Vista CDP, California",B01001_001,278,107
0647164,"Mettler CDP, California",B01001_001,138,70
0647192,"Mexican Colony CDP, California",B01001_001,363,136
0647332,"Middletown CDP, California",B01001_001,757,418
0647374,"Midpines CDP, California",B01001_001,1396,418
0647430,"Midway City CDP, California",B01001_001,8374,779
0647472,"Milford CDP, California",B01001_001,181,181
0647486,"Millbrae city, California",B01001_001,22703,38
0647710,"Mill Valley city, California",B01001_001,14343,23
0647724,"Millville CDP, California",B01001_001,682,159
0647766,"Milpitas city, California",B01001_001,77457,57
0647794,"Mineral CDP, California",B01001_001,292,180
0647822,"Minkler CDP, California",B01001_001,1074,280
0648046,"Mira Monte CDP, California",B01001_001,6912,755
0648060,"Miranda CDP, California",B01001_001,672,301
0648147,"Mission Canyon CDP, California",B01001_001,2755,366
0648186,"Mission Hills CDP, California",B01001_001,3796,456
0648256,"Mission Viejo city, California",B01001_001,96124,65
0648298,"Mi-Wuk Village CDP, California",B01001_001,1133,459
0648354,"Modesto city, California",B01001_001,211336,78
0648448,"Mohawk Vista CDP, California",B01001_001,63,56
0648452,"Mojave CDP, California",B01001_001,4230,431
0648480,"Mokelumne Hill CDP, California",B01001_001,637,411
0648592,"Monmouth CDP, California",B01001_001,103,58
0648602,"Mono City CDP, California",B01001_001,98,116
0648641,"Mono Vista CDP, California",B01001_001,3504,559
0648648,"Monrovia city, California",B01001_001,37006,46
0648676,"Monson CDP, California",B01001_001,380,224
0648690,"Montague city, California",B01001_001,1517,241
0648718,"Montalvin Manor CDP, California",B01001_001,3023,633
0648760,"Montara CDP, California",B01001_001,2692,567
0648788,"Montclair city, California",B01001_001,38865,89
0648816,"Montebello city, California",B01001_001,63099,94
0648844,"Montecito CDP, California",B01001_001,8611,593
0648872,"Monterey city, California",B01001_001,28512,30
0648914,"Monterey Park city, California",B01001_001,60792,51
0648916,"Monterey Park Tract CDP, California",B01001_001,291,280
0648928,"Monte Rio CDP, California",B01001_001,1156,236
0648956,"Monte Sereno city, California",B01001_001,3492,22
0648998,"Montgomery Creek CDP, California",B01001_001,61,38
0649045,"Monument Hills CDP, California",B01001_001,1700,559
0649138,"Moorpark city, California",B01001_001,36274,60
0649180,"Morada CDP, California",B01001_001,4068,1310
0649187,"Moraga town, California",B01001_001,17398,49
0649270,"Moreno Valley city, California",B01001_001,205034,138
0649278,"Morgan Hill city, California",B01001_001,43876,45
0649348,"Morongo Valley CDP, California",B01001_001,3262,392
0649362,"Morro Bay city, California",B01001_001,10592,51
0649432,"Moskowite Corner CDP, California",B01001_001,151,94
0649446,"Moss Beach CDP, California",B01001_001,3799,701
0649488,"Moss Landing CDP, California",B01001_001,61,70
0649544,"Mountain Center CDP, California",B01001_001,0,12
0649558,"Mountain Gate CDP, California",B01001_001,794,241
0649582,"Mountain House CDP, California",B01001_001,15645,1415
0649600,"Mountain Mesa CDP, California",B01001_001,1236,636
0649628,"Mountain Ranch CDP, California",B01001_001,1306,351
0649651,"Mountain View CDP, California",B01001_001,2066,589
0649670,"Mountain View city, California",B01001_001,80993,44
0649684,"Mountain View Acres CDP, California",B01001_001,4260,1159
0649768,"Mount Hebron CDP, California",B01001_001,78,77
0649796,"Mount Hermon CDP, California",B01001_001,998,473
0649810,"Mount Laguna CDP, California",B01001_001,0,12
0649852,"Mount Shasta city, California",B01001_001,3284,14
0649950,"Muir Beach CDP, California",B01001_001,242,85
0650034,"Murphys CDP, California",B01001_001,2100,424
0650076,"Murrieta city, California",B01001_001,111427,83
0650132,"Muscoy CDP, California",B01001_001,13726,1227
0650146,"Myers Flat CDP, California",B01001_001,0,12
0650188,"Myrtletown CDP, California",B01001_001,5290,543
0650258,"Napa city, California",B01001_001,79516,52
0650398,"National City city, California",B01001_001,60896,73
0650734,"Needles city, California",B01001_001,4962,23
0650874,"Nevada City city, California",B01001_001,3128,13
0650916,"Newark city, California",B01001_001,46276,44
0651000,"Newcastle CDP, California",B01001_001,1167,204
0651028,"New Cuyama CDP, California",B01001_001,763,224
0651042,"Newell CDP, California",B01001_001,342,175
0651140,"Newman city, California",B01001_001,11119,26
0651168,"New Pine Creek CDP, California",B01001_001,71,58
0651182,"Newport Beach city, California",B01001_001,86280,74
0651280,"Nicasio CDP, California",B01001_001,106,58
0651294,"Nice CDP, California",B01001_001,2393,426
0651336,"Nicolaus CDP, California",B01001_001,166,45
0651392,"Niland CDP, California",B01001_001,515,316
0651470,"Nipinnawasee CDP, California",B01001_001,319,182
0651476,"Nipomo CDP, California",B01001_001,17445,965
0651560,"Norco city, California",B01001_001,26569,36
0651574,"Nord CDP, California",B01001_001,426,233
0651622,"Norris Canyon CDP, California",B01001_001,987,202
0651637,"North Auburn CDP, California",B01001_001,13707,1106
0651812,"North Edwards CDP, California",B01001_001,944,259
0651820,"North El Monte CDP, California",B01001_001,4028,404
0651840,"North Fair Oaks CDP, California",B01001_001,14547,795
0651890,"North Gate CDP, California",B01001_001,559,176
0651924,"North Highlands CDP, California",B01001_001,48968,1708
0651990,"North Lakeport CDP, California",B01001_001,3141,391
0652162,"North Richmond CDP, California",B01001_001,4233,662
0652246,"North San Juan CDP, California",B01001_001,328,169
0652302,"North Shore CDP, California",B01001_001,2892,676
0652379,"North Tustin CDP, California",B01001_001,24736,1147
0652526,"Norwalk city, California",B01001_001,105886,51
0652582,"Novato city, California",B01001_001,55523,36
0652610,"Nubieber CDP, California",B01001_001,20,14
0652624,"Nuevo CDP, California",B01001_001,7033,795
0652694,"Oakdale city, California",B01001_001,22599,37
0652715,"Oak Glen CDP, California",B01001_001,420,155
0652760,"Oak Hills CDP, California",B01001_001,9700,1602
0652764,"Oakhurst CDP, California",B01001_001,3424,810
0653000,"Oakland city, California",B01001_001,421042,74
0653070,"Oakley city, California",B01001_001,40669,50
0653116,"Oak Park CDP, California",B01001_001,13730,605
0653160,"Oak Shores CDP, California",B01001_001,282,141
0653182,"Oak View CDP, California",B01001_001,4720,493
0653196,"Oakville CDP, California",B01001_001,188,213
0653224,"Oasis CDP, California",B01001_001,3020,418
0653266,"Occidental CDP, California",B01001_001,833,183
0653294,"Oceano CDP, California",B01001_001,7678,672
0653322,"Oceanside city, California",B01001_001,175389,60
0653378,"Ocotillo CDP, California",B01001_001,58,48
0653448,"Oildale CDP, California",B01001_001,34723,1441
0653476,"Ojai city, California",B01001_001,7555,32
0653490,"Olancha CDP, California",B01001_001,213,106
0653505,"Old Fig Garden CDP, California",B01001_001,5529,605
0653602,"Old Station CDP, California",B01001_001,35,37
0653714,"Olivehurst CDP, California",B01001_001,13309,983
0653896,"Ontario city, California",B01001_001,173580,76
0653910,"Onyx CDP, California",B01001_001,588,399
0653980,"Orange city, California",B01001_001,139873,126
0654008,"Orange Cove city, California",B01001_001,9564,22
0654092,"Orangevale CDP, California",B01001_001,34757,1087
0654120,"Orcutt CDP, California",B01001_001,30493,1068
0654218,"Orick CDP, California",B01001_001,296,114
0654232,"Orinda city, California",B01001_001,19431,46
0654274,"Orland city, California",B01001_001,7541,34
0654372,"Orosi CDP, California",B01001_001,7441,1030
0654386,"Oroville city, California",B01001_001,19040,67
0654388,"Oroville East CDP, California",B01001_001,7368,481
0654652,"Oxnard city, California",B01001_001,207568,70
0654764,"Pacheco CDP, California",B01001_001,4355,656
0654806,"Pacifica city, California",B01001_001,39065,38
0654848,"Pacific Grove city, California",B01001_001,15567,32
0655044,"Pajaro CDP, California",B01001_001,3561,528
0655048,"Pajaro Dunes CDP, California",B01001_001,255,139
0655058,"Pala CDP, California",B01001_001,1143,221
0655086,"Palermo CDP, California",B01001_001,5544,525
0655156,"Palmdale city, California",B01001_001,156904,63
0655184,"Palm Desert city, California",B01001_001,52124,55
0655254,"Palm Springs city, California",B01001_001,47525,79
0655282,"Palo Alto city, California",B01001_001,67019,67
0655296,"Palo Cedro CDP, California",B01001_001,1151,314
0655380,"Palos Verdes Estates city, California",B01001_001,13523,36
0655422,"Palo Verde CDP, California",B01001_001,85,65
0655506,"Panorama Heights CDP, California",B01001_001,42,23
0655520,"Paradise town, California",B01001_001,26543,27
0655528,"Paradise CDP, California",B01001_001,186,88
0655604,"Paradise Park CDP, California",B01001_001,543,220
0655618,"Paramount city, California",B01001_001,54776,37
0655728,"Parklawn CDP, California",B01001_001,1082,397
0655751,"Parksdale CDP, California",B01001_001,2493,616
0655800,"Parkway CDP, California",B01001_001,15885,962
0655842,"Parkwood CDP, California",B01001_001,1853,546
0655856,"Parlier city, California",B01001_001,15120,20
0656000,"Pasadena city, California",B01001_001,141246,116
0656028,"Pasatiempo CDP, California",B01001_001,1018,301
0656042,"Paskenta CDP, California",B01001_001,105,47
0656112,"Patterson city, California",B01001_001,21783,29
0656120,"Patterson Tract CDP, California",B01001_001,2351,614
0656140,"Patton Village CDP, California",B01001_001,604,187
0656182,"Paxton CDP, California",B01001_001,0,12
0656196,"Paynes Creek CDP, California",B01001_001,53,52
0656294,"Pearsonville CDP, California",B01001_001,29,32
0656476,"Penngrove CDP, California",B01001_001,2961,629
0656518,"Penn Valley CDP, California",B01001_001,1424,627
0656546,"Penryn CDP, California",B01001_001,925,273
0656700,"Perris city, California",B01001_001,76276,91
0656756,"Pescadero CDP, California",B01001_001,226,132
0656784,"Petaluma city, California",B01001_001,60635,57
0656798,"Peters CDP, California",B01001_001,604,142
0656826,"Phelan CDP, California",B01001_001,15532,1264
0656854,"Phillipsville CDP, California",B01001_001,72,76
0656868,"Philo CDP, California",B01001_001,201,95
0656870,"Phoenix Lake CDP, California",B01001_001,4283,651
0656924,"Pico Rivera city, California",B01001_001,63432,45
0656938,"Piedmont city, California",B01001_001,11308,27
0657011,"Pierpoint CDP, California",B01001_001,0,12
0657036,"Pike CDP, California",B01001_001,167,135
0657070,"Pine Canyon CDP, California",B01001_001,2294,470
0657134,"Pine Flat CDP, California",B01001_001,149,68
0657148,"Pine Grove CDP, California",B01001_001,1730,449
0657204,"Pine Hills CDP, California",B01001_001,3146,540
0657240,"Pine Mountain Club CDP, California",B01001_001,1803,554
0657244,"Pine Mountain Lake CDP, California",B01001_001,2671,360
0657260,"Pine Valley CDP, California",B01001_001,1669,315
0657288,"Pinole city, California",B01001_001,19264,59
0657302,"Pi�on Hills CDP, California",B01001_001,7592,908
0657330,"Pioneer CDP, California",B01001_001,1443,353
0657372,"Piru CDP, California",B01001_001,2019,244
0657414,"Pismo Beach city, California",B01001_001,8116,27
0657456,"Pittsburg city, California",B01001_001,70492,52
0657512,"Pixley CDP, California",B01001_001,3796,843
0657526,"Placentia city, California",B01001_001,52049,55
0657540,"Placerville city, California",B01001_001,10860,21
0657568,"Plainview CDP, California",B01001_001,863,343
0657582,"Planada CDP, California",B01001_001,4418,488
0657764,"Pleasant Hill city, California",B01001_001,34785,40
0657792,"Pleasanton city, California",B01001_001,80847,35
0657825,"Pleasure Point CDP, California",B01001_001,6277,701
0657828,"Plumas Eureka CDP, California",B01001_001,333,87
0657829,"Plumas Lake CDP, California",B01001_001,7367,869
0657834,"Plymouth city, California",B01001_001,894,220
0657876,"Point Arena city, California",B01001_001,418,126
0657960,"Point Reyes Station CDP, California",B01001_001,290,99
0658030,"Pollock Pines CDP, California",B01001_001,6905,634
0658072,"Pomona city, California",B01001_001,152494,72
0658134,"Ponderosa CDP, California",B01001_001,0,12
0658191,"Poplar-Cotton Center CDP, California",B01001_001,2436,477
0658226,"Port Costa CDP, California",B01001_001,186,125
0658240,"Porterville city, California",B01001_001,59797,59
0658296,"Port Hueneme city, California",B01001_001,22215,33
0658352,"Portola city, California",B01001_001,1912,330
0658380,"Portola Valley town, California",B01001_001,4594,23
0658422,"Posey CDP, California",B01001_001,0,12
0658436,"Poso Park CDP, California",B01001_001,2,3
0658478,"Potrero CDP, California",B01001_001,625,416
0658506,"Potter Valley CDP, California",B01001_001,437,140
0658520,"Poway city, California",B01001_001,49842,71
0658618,"Prattville CDP, California",B01001_001,28,27
0658758,"Princeton CDP, California",B01001_001,297,104
0658814,"Proberta CDP, California",B01001_001,165,170
0658870,"Prunedale CDP, California",B01001_001,19584,1388
0659052,"Quartz Hill CDP, California",B01001_001,10164,764
0659080,"Quincy CDP, California",B01001_001,1895,444
0659115,"Rackerby CDP, California",B01001_001,189,97
0659220,"Rail Road Flat CDP, California",B01001_001,283,116
0659248,"Rainbow CDP, California",B01001_001,1994,245
0659290,"Raisin City CDP, California",B01001_001,389,167
0659346,"Ramona CDP, California",B01001_001,20260,1283
0659426,"Rancho Calaveras CDP, California",B01001_001,7035,668
0659444,"Rancho Cordova city, California",B01001_001,72056,46
0659451,"Rancho Cucamonga city, California",B01001_001,175679,124
0659500,"Rancho Mirage city, California",B01001_001,18075,56
0659506,"Rancho Murieta CDP, California",B01001_001,5603,367
0659514,"Rancho Palos Verdes city, California",B01001_001,42271,79
0659550,"Rancho San Diego CDP, California",B01001_001,21289,1107
0659584,"Rancho Santa Fe CDP, California",B01001_001,2591,448
0659587,"Rancho Santa Margarita city, California",B01001_001,48792,66
0659604,"Rancho Tehama Reserve CDP, California",B01001_001,1922,565
0659668,"Randsburg CDP, California",B01001_001,64,44
0659892,"Red Bluff city, California",B01001_001,14132,57
0659896,"Red Corral CDP, California",B01001_001,1930,496
0659906,"Redcrest CDP, California",B01001_001,23,29
0659920,"Redding city, California",B01001_001,91327,78
0659962,"Redlands city, California",B01001_001,71012,35
0660018,"Redondo Beach city, California",B01001_001,67700,41
0660088,"Redway CDP, California",B01001_001,1199,600
0660102,"Redwood City city, California",B01001_001,85217,66
0660214,"Redwood Valley CDP, California",B01001_001,1376,389
0660242,"Reedley city, California",B01001_001,25493,28
0660279,"Reliez Valley CDP, California",B01001_001,3575,425
0660466,"Rialto city, California",B01001_001,102873,80
0660592,"Richfield CDP, California",B01001_001,272,110
0660606,"Richgrove CDP, California",B01001_001,2611,273
0660620,"Richmond city, California",B01001_001,109340,61
0660662,"Richvale CDP, California",B01001_001,99,59
0660704,"Ridgecrest city, California",B01001_001,28736,67
0660706,"Ridgemark CDP, California",B01001_001,3062,186
0660900,"Rio Dell city, California",B01001_001,3382,25
0660928,"Rio del Mar CDP, California",B01001_001,9775,597
0660942,"Rio Linda CDP, California",B01001_001,15460,979
0660970,"Rio Oso CDP, California",B01001_001,406,119
0660984,"Rio Vista city, California",B01001_001,8618,30
0661012,"Ripley CDP, California",B01001_001,408,166
0661026,"Ripon city, California",B01001_001,15367,32
0661068,"Riverbank city, California",B01001_001,24237,37
0661096,"Riverdale CDP, California",B01001_001,3625,729
0661106,"Riverdale Park CDP, California",B01001_001,1301,485
0661124,"River Pines CDP, California",B01001_001,607,410
0662000,"Riverside city, California",B01001_001,323935,138
0662168,"Robbins CDP, California",B01001_001,321,96
0662200,"Robinson Mill CDP, California",B01001_001,35,26
0662364,"Rocklin city, California",B01001_001,63127,43
0662490,"Rodeo CDP, California",B01001_001,10411,488
0662496,"Rodriguez Camp CDP, California",B01001_001,87,57
0662546,"Rohnert Park city, California",B01001_001,42694,38
0662602,"Rolling Hills city, California",B01001_001,1630,147
0662625,"Rolling Hills CDP, California",B01001_001,896,229
0662644,"Rolling Hills Estates city, California",B01001_001,8187,41
0662700,"Rollingwood CDP, California",B01001_001,3110,376
0662756,"Romoland CDP, California",B01001_001,2227,679
0662826,"Rosamond CDP, California",B01001_001,20028,1193
0662854,"Rosedale CDP, California",B01001_001,16737,1083
0662860,"Rose Hills CDP, California",B01001_001,2612,268
0662896,"Rosemead city, California",B01001_001,54417,66
0662910,"Rosemont CDP, California",B01001_001,23617,788
0662938,"Roseville city, California",B01001_001,133049,69
0662980,"Ross town, California",B01001_001,2309,238
0663050,"Rossmoor CDP, California",B01001_001,11160,492
0663106,"Rough and Ready CDP, California",B01001_001,828,372
0663134,"Round Mountain CDP, California",B01001_001,112,49
0663148,"Round Valley CDP, California",B01001_001,533,111
0663168,"Rouse CDP, California",B01001_001,2420,545
0663218,"Rowland Heights CDP, California",B01001_001,50602,1097
0663316,"Running Springs CDP, California",B01001_001,4296,623
0663386,"Ruth CDP, California",B01001_001,145,64
0663400,"Rutherford CDP, California",B01001_001,72,46
0664000,"Sacramento city, California",B01001_001,495011,121
0664140,"St. Helena city, California",B01001_001,6079,26
0664210,"Salida CDP, California",B01001_001,14658,1350
0664224,"Salinas city, California",B01001_001,156550,84
0664252,"Salmon Creek CDP, California",B01001_001,20,30
0664294,"Salton City CDP, California",B01001_001,5611,854
0664308,"Salton Sea Beach CDP, California",B01001_001,355,240
0664392,"Samoa CDP, California",B01001_001,284,124
0664420,"San Andreas CDP, California",B01001_001,3085,699
0664434,"San Anselmo town, California",B01001_001,12567,23
0664462,"San Antonio Heights CDP, California",B01001_001,3034,318
0664476,"San Ardo CDP, California",B01001_001,554,212
0665000,"San Bernardino city, California",B01001_001,215182,89
0665028,"San Bruno city, California",B01001_001,43114,48
0665042,"San Buenaventura (Ventura) city, California",B01001_001,110234,73
0665070,"San Carlos city, California",B01001_001,30080,76
0665084,"San Clemente city, California",B01001_001,65045,78
0665112,"Sand City city, California",B01001_001,318,85
0666000,"San Diego city, California",B01001_001,1401932,112
0666004,"San Diego Country Estates CDP, California",B01001_001,10381,598
0666070,"San Dimas city, California",B01001_001,34239,47
0666140,"San Fernando city, California",B01001_001,24585,24
0667000,"San Francisco city, California",B01001_001,870044,NA
0667042,"San Gabriel city, California",B01001_001,40242,44
0667056,"Sanger city, California",B01001_001,24978,28
0667070,"San Geronimo CDP, California",B01001_001,466,283
0667112,"San Jacinto city, California",B01001_001,47474,49
0667126,"San Joaquin city, California",B01001_001,4021,17
0668000,"San Jose city, California",B01001_001,1026658,135
0668014,"San Juan Bautista city, California",B01001_001,2106,431
0668028,"San Juan Capistrano city, California",B01001_001,35952,47
0668084,"San Leandro city, California",B01001_001,90103,59
0668112,"San Lorenzo CDP, California",B01001_001,25388,852
0668140,"San Lucas CDP, California",B01001_001,472,201
0668154,"San Luis Obispo city, California",B01001_001,47160,59
0668196,"San Marcos city, California",B01001_001,94709,56
0668224,"San Marino city, California",B01001_001,13285,30
0668238,"San Martin CDP, California",B01001_001,7010,643
0668252,"San Mateo city, California",B01001_001,104035,53
0668263,"San Miguel CDP (Contra Costa County), California",B01001_001,2993,389
0668266,"San Miguel CDP (San Luis Obispo County), California",B01001_001,2807,728
0668294,"San Pablo city, California",B01001_001,30839,116
0668308,"San Pasqual CDP, California",B01001_001,1932,127
0668364,"San Rafael city, California",B01001_001,58939,37
0668378,"San Ramon city, California",B01001_001,75384,74
0668434,"San Simeon CDP, California",B01001_001,583,262
0669000,"Santa Ana city, California",B01001_001,333499,102
0669070,"Santa Barbara city, California",B01001_001,91325,74
0669084,"Santa Clara city, California",B01001_001,126209,63
0669088,"Santa Clarita city, California",B01001_001,209478,230
0669112,"Santa Cruz city, California",B01001_001,64273,36
0669154,"Santa Fe Springs city, California",B01001_001,17791,33
0669182,"Santa Margarita CDP, California",B01001_001,1252,555
0669196,"Santa Maria city, California",B01001_001,105483,75
0670000,"Santa Monica city, California",B01001_001,92078,38
0670028,"Santa Nella CDP, California",B01001_001,2508,488
0670042,"Santa Paula city, California",B01001_001,30258,48
0670098,"Santa Rosa city, California",B01001_001,181038,56
0670130,"Santa Rosa Valley CDP, California",B01001_001,3180,357
0670140,"Santa Susana CDP, California",B01001_001,1050,243
0670154,"Santa Venetia CDP, California",B01001_001,4790,497
0670182,"Santa Ynez CDP, California",B01001_001,4401,526
0670224,"Santee city, California",B01001_001,57615,69
0670266,"Saranap CDP, California",B01001_001,6492,650
0670280,"Saratoga city, California",B01001_001,30886,43
0670322,"Saticoy CDP, California",B01001_001,1201,357
0670336,"Sattley CDP, California",B01001_001,77,60
0670364,"Sausalito city, California",B01001_001,7139,29
0670518,"Scotia CDP, California",B01001_001,602,232
0670588,"Scotts Valley city, California",B01001_001,11900,46
0670644,"Seacliff CDP, California",B01001_001,3201,343
0670686,"Seal Beach city, California",B01001_001,24364,46
0670712,"Sea Ranch CDP, California",B01001_001,1161,189
0670728,"Searles Valley CDP, California",B01001_001,1646,240
0670742,"Seaside city, California",B01001_001,34077,74
0670770,"Sebastopol city, California",B01001_001,7666,36
0670798,"Seeley CDP, California",B01001_001,1699,397
0670882,"Selma city, California",B01001_001,24598,33
0670966,"Sequoia Crest CDP, California",B01001_001,28,42
0671000,"Sereno del Mar CDP, California",B01001_001,82,51
0671078,"Seville CDP, California",B01001_001,691,264
0671106,"Shafter city, California",B01001_001,18923,32
0671134,"Shandon CDP, California",B01001_001,1141,348
0671218,"Shasta CDP, California",B01001_001,1804,286
0671225,"Shasta Lake city, California",B01001_001,10142,30
0671246,"Shaver Lake CDP, California",B01001_001,498,100
0671362,"Shell Ridge CDP, California",B01001_001,1281,374
0671372,"Shelter Cove CDP, California",B01001_001,501,251
0671414,"Sheridan CDP, California",B01001_001,1250,559
0671554,"Shingle Springs CDP, California",B01001_001,3865,542
0671568,"Shingletown CDP, California",B01001_001,2272,353
0671680,"Shoshone CDP, California",B01001_001,13,13
0671774,"Sierra Brooks CDP, California",B01001_001,299,140
0671778,"Sierra City CDP, California",B01001_001,152,69
0671806,"Sierra Madre city, California",B01001_001,11006,44
0671834,"Sierra Village CDP, California",B01001_001,330,236
0671848,"Sierraville CDP, California",B01001_001,103,59
0671876,"Signal Hill city, California",B01001_001,11538,35
0671927,"Silverado Resort CDP, California",B01001_001,937,252
0671932,"Silver City CDP, California",B01001_001,0,12
0671964,"Silver Lakes CDP, California",B01001_001,5966,850
0672016,"Simi Valley city, California",B01001_001,126199,64
0672086,"Sisquoc CDP, California",B01001_001,148,61
0672156,"Sky Valley CDP, California",B01001_001,2430,452
0672184,"Sleepy Hollow CDP, California",B01001_001,2200,333
0672282,"Smartsville CDP, California",B01001_001,163,108
0672338,"Smith Corner CDP, California",B01001_001,664,432
0672380,"Smith River CDP, California",B01001_001,632,291
0672408,"Snelling CDP, California",B01001_001,101,82
0672478,"Soda Bay CDP, California",B01001_001,941,311
0672492,"Soda Springs CDP, California",B01001_001,21,34
0672506,"Solana Beach city, California",B01001_001,13370,29
0672520,"Soledad city, California",B01001_001,25597,33
0672576,"Solvang city, California",B01001_001,5734,22
0672646,"Sonoma city, California",B01001_001,11074,23
0672674,"Sonora city, California",B01001_001,4822,24
0672688,"Soquel CDP, California",B01001_001,10862,731
0672772,"Soulsbyville CDP, California",B01001_001,2286,527
0672954,"South Dos Palos CDP, California",B01001_001,1682,654
0672996,"South El Monte city, California",B01001_001,20727,74
0673080,"South Gate city, California",B01001_001,95103,88
0673108,"South Lake Tahoe city, California",B01001_001,21814,57
0673167,"South Monrovia Island CDP, California",B01001_001,7192,764
0673178,"South Oroville CDP, California",B01001_001,3181,529
0673220,"South Pasadena city, California",B01001_001,25824,35
0673262,"South San Francisco city, California",B01001_001,67294,45
0673276,"South San Gabriel CDP, California",B01001_001,8643,881
0673290,"South San Jose Hills CDP, California",B01001_001,20593,1034
0673388,"South Taft CDP, California",B01001_001,1526,329
0673430,"South Whittier CDP, California",B01001_001,60096,1709
0673554,"Spaulding CDP, California",B01001_001,110,53
0673612,"Spreckels CDP, California",B01001_001,385,266
0673654,"Spring Garden CDP, California",B01001_001,13,20
0673690,"Spring Valley CDP (Lake County), California",B01001_001,1081,291
0673696,"Spring Valley CDP (San Diego County), California",B01001_001,31591,1251
0673700,"Spring Valley Lake CDP, California",B01001_001,7744,796
0673710,"Springville CDP, California",B01001_001,872,347
0673794,"Squaw Valley CDP, California",B01001_001,3449,505
0673815,"Squirrel Mountain Valley CDP, California",B01001_001,1159,387
0673868,"Stallion Springs CDP, California",B01001_001,3625,826
0673906,"Stanford CDP, California",B01001_001,15668,903
0673962,"Stanton city, California",B01001_001,38509,60
0674130,"Stevenson Ranch CDP, California",B01001_001,19364,679
0674144,"Stevinson CDP, California",B01001_001,331,125
0674172,"Stinson Beach CDP, California",B01001_001,556,199
0674186,"Stirling City CDP, California",B01001_001,307,236
0675000,"Stockton city, California",B01001_001,306283,98
0675154,"Stonyford CDP, California",B01001_001,136,61
0675168,"Storrie CDP, California",B01001_001,0,12
0675252,"Stratford CDP, California",B01001_001,878,377
0675280,"Strathmore CDP, California",B01001_001,2915,1043
0675315,"Strawberry CDP (Marin County), California",B01001_001,5759,394
0675322,"Strawberry CDP (Tuolumne County), California",B01001_001,5,4
0675588,"Sugarloaf Mountain Park CDP, California",B01001_001,0,12
0675592,"Sugarloaf Saw Mill CDP, California",B01001_001,0,12
0675596,"Sugarloaf Village CDP, California",B01001_001,10,11
0675630,"Suisun City city, California",B01001_001,29379,63
0675672,"Sultana CDP, California",B01001_001,1030,332
0675714,"Summerland CDP, California",B01001_001,923,233
0675994,"Sunnyside CDP, California",B01001_001,4451,785
0676015,"Sunnyside-Tahoe City CDP, California",B01001_001,1222,303
0676040,"Sunny Slopes CDP, California",B01001_001,80,42
0677000,"Sunnyvale city, California",B01001_001,152323,58
0677042,"Sunol CDP, California",B01001_001,962,220
0677308,"Sun Village CDP, California",B01001_001,13516,1186
0677364,"Susanville city, California",B01001_001,15216,30
0677378,"Sutter CDP, California",B01001_001,2994,344
0677392,"Sutter Creek city, California",B01001_001,2538,25
0677430,"Swall Meadows CDP, California",B01001_001,218,73
0677574,"Taft city, California",B01001_001,9307,24
0677588,"Taft Heights CDP, California",B01001_001,2424,507
0677595,"Taft Mosswood CDP, California",B01001_001,951,233
0677700,"Tahoe Vista CDP, California",B01001_001,1288,311
0677728,"Tahoma CDP, California",B01001_001,867,254
0677784,"Talmage CDP, California",B01001_001,921,236
0677805,"Tamalpais-Homestead Valley CDP, California",B01001_001,11261,562
0677924,"Tara Hills CDP, California",B01001_001,5405,539
0677960,"Tarpey Village CDP, California",B01001_001,3390,622
0678008,"Taylorsville CDP, California",B01001_001,244,255
0678050,"Tecopa CDP, California",B01001_001,146,59
0678092,"Tehachapi city, California",B01001_001,12753,21
0678106,"Tehama city, California",B01001_001,445,116
0678120,"Temecula city, California",B01001_001,112230,68
0678126,"Temelec CDP, California",B01001_001,1564,236
0678138,"Temescal Valley CDP, California",B01001_001,26709,1111
0678148,"Temple City city, California",B01001_001,36137,54
0678162,"Templeton CDP, California",B01001_001,7938,813
0678176,"Tennant CDP, California",B01001_001,18,17
0678232,"Terminous CDP, California",B01001_001,411,117
0678288,"Terra Bella CDP, California",B01001_001,3304,508
0678336,"Teviston CDP, California",B01001_001,1027,434
0678456,"Thermal CDP, California",B01001_001,1359,546
0678470,"Thermalito CDP, California",B01001_001,6704,541
0678568,"Thornton CDP, California",B01001_001,1038,235
0678582,"Thousand Oaks city, California",B01001_001,128481,48
0678596,"Thousand Palms CDP, California",B01001_001,7814,944
0678638,"Three Rivers CDP, California",B01001_001,2397,329
0678652,"Three Rocks CDP, California",B01001_001,210,220
0678666,"Tiburon town, California",B01001_001,9151,22
0678715,"Timber Cove CDP, California",B01001_001,149,50
0678750,"Tipton CDP, California",B01001_001,3218,439
0678792,"Tobin CDP, California",B01001_001,0,12
0678890,"Tomales CDP, California",B01001_001,253,109
0678932,"Tonyville CDP, California",B01001_001,881,496
0678949,"Tooleville CDP, California",B01001_001,309,242
0678960,"Topanga CDP, California",B01001_001,7449,759
0679030,"Topaz CDP, California",B01001_001,234,183
0679529,"Toro Canyon CDP, California",B01001_001,1735,387
0680000,"Torrance city, California",B01001_001,146392,65
0680238,"Tracy city, California",B01001_001,88806,61
0680266,"Tranquillity CDP, California",B01001_001,839,294
0680280,"Traver CDP, California",B01001_001,740,174
0680364,"Tres Pinos CDP, California",B01001_001,662,150
0680448,"Trinidad city, California",B01001_001,272,88
0680476,"Trinity Center CDP, California",B01001_001,161,82
0680483,"Trinity Village CDP, California",B01001_001,279,121
0680515,"Trona CDP, California",B01001_001,37,32
0680560,"Trowbridge CDP, California",B01001_001,296,131
0680588,"Truckee town, California",B01001_001,16377,30
0680644,"Tulare city, California",B01001_001,62838,61
0680686,"Tulelake city, California",B01001_001,838,203
0680763,"Tuolumne City CDP, California",B01001_001,1577,496
0680784,"Tupman CDP, California",B01001_001,186,71
0680812,"Turlock city, California",B01001_001,72335,61
0680854,"Tustin city, California",B01001_001,80140,67
0680882,"Tuttle CDP, California",B01001_001,63,79
0680896,"Tuttletown CDP, California",B01001_001,941,291
0680952,"Twain CDP, California",B01001_001,33,41
0680966,"Twain Harte CDP, California",B01001_001,2523,484
0680994,"Twentynine Palms city, California",B01001_001,26109,36
0681050,"Twin Lakes CDP, California",B01001_001,5642,653
0681134,"Ukiah city, California",B01001_001,15946,39
0681204,"Union City city, California",B01001_001,74601,47
0681302,"University of California-Davis CDP, California",B01001_001,7379,486
0681312,"University of California-Merced CDP, California",B01001_001,0,12
0681344,"Upland city, California",B01001_001,76382,39
0681358,"Upper Lake CDP, California",B01001_001,1050,301
0681554,"Vacaville city, California",B01001_001,97943,49
0681638,"Valinda CDP, California",B01001_001,25296,1313
0681652,"Vallecito CDP, California",B01001_001,183,100
0681666,"Vallejo city, California",B01001_001,120977,65
0681708,"Valle Vista CDP, California",B01001_001,16879,904
0681722,"Valley Acres CDP, California",B01001_001,617,194
0681736,"Valley Center CDP, California",B01001_001,9059,843
0681778,"Valley Ford CDP, California",B01001_001,148,191
0681792,"Valley Home CDP, California",B01001_001,202,68
0681869,"Valley Ranch CDP, California",B01001_001,10,15
0681890,"Valley Springs CDP, California",B01001_001,3428,537
0681925,"Valley Wells CDP, California",B01001_001,0,12
0681967,"Val Verde CDP, California",B01001_001,2996,295
0682072,"Vandenberg AFB CDP, California",B01001_001,3379,385
0682086,"Vandenberg Village CDP, California",B01001_001,7861,563
0682334,"Verdi CDP, California",B01001_001,187,106
0682422,"Vernon city, California",B01001_001,90,37
0682562,"Victor CDP, California",B01001_001,444,440
0682590,"Victorville city, California",B01001_001,121861,78
0682667,"View Park-Windsor Hills CDP, California",B01001_001,11580,670
0682744,"Villa Park city, California",B01001_001,5912,45
0682786,"Vina CDP, California",B01001_001,210,66
0682815,"Vincent CDP, California",B01001_001,17008,1196
0682842,"Vine Hill CDP, California",B01001_001,3887,562
0682852,"Vineyard CDP, California",B01001_001,28315,1066
0682954,"Visalia city, California",B01001_001,131066,61
0682996,"Vista city, California",B01001_001,100108,110
0683085,"Vista Santa Rosa CDP, California",B01001_001,2967,599
0683094,"Volcano CDP, California",B01001_001,44,50
0683108,"Volta CDP, California",B01001_001,216,143
0683262,"Walker CDP, California",B01001_001,863,271
0683304,"Wallace CDP, California",B01001_001,1063,358
0683332,"Walnut city, California",B01001_001,30008,32
0683346,"Walnut Creek city, California",B01001_001,69007,67
0683374,"Walnut Grove CDP, California",B01001_001,1300,395
0683402,"Walnut Park CDP, California",B01001_001,16034,721
0683460,"Warm Springs CDP, California",B01001_001,1903,541
0683494,"Warner Valley CDP, California",B01001_001,0,12
0683542,"Wasco city, California",B01001_001,26708,53
0683570,"Washington CDP, California",B01001_001,53,50
0683612,"Waterford city, California",B01001_001,8823,28
0683626,"Waterloo CDP, California",B01001_001,719,354
0683668,"Watsonville city, California",B01001_001,53616,80
0683724,"Waukena CDP, California",B01001_001,215,125
0683766,"Wawona CDP, California",B01001_001,196,124
0683794,"Weaverville CDP, California",B01001_001,3240,441
0683850,"Weed city, California",B01001_001,2677,45
0683863,"Weedpatch CDP, California",B01001_001,2238,320
0683948,"Weldon CDP, California",B01001_001,2181,529
0684004,"Weott CDP, California",B01001_001,271,182
0684116,"West Athens CDP, California",B01001_001,8574,684
0684120,"West Bishop CDP, California",B01001_001,2661,220
0684144,"West Carson CDP, California",B01001_001,22537,1024
0684200,"West Covina city, California",B01001_001,107242,81
0684345,"West Goshen CDP, California",B01001_001,567,406
0684385,"Westhaven-Moonstone CDP, California",B01001_001,1084,228
0684410,"West Hollywood city, California",B01001_001,36384,43
0684438,"Westlake Village city, California",B01001_001,8424,24
0684480,"Westley CDP, California",B01001_001,838,395
0684536,"West Menlo Park CDP, California",B01001_001,4116,408
0684550,"Westminster city, California",B01001_001,91417,69
0684578,"West Modesto CDP, California",B01001_001,5911,812
0684592,"Westmont CDP, California",B01001_001,33723,1534
0684606,"Westmorland city, California",B01001_001,2643,351
0684680,"West Park CDP, California",B01001_001,1035,262
0684732,"West Point CDP, California",B01001_001,571,219
0684774,"West Puente Valley CDP, California",B01001_001,23629,923
0684780,"West Rancho Dominguez CDP, California",B01001_001,22932,1193
0684816,"West Sacramento city, California",B01001_001,52826,42
0684863,"Westside CDP, California",B01001_001,182,105
0684921,"West Whittier-Los Nietos CDP, California",B01001_001,27144,1098
0684928,"Westwood CDP, California",B01001_001,1545,379
0685012,"Wheatland city, California",B01001_001,3747,21
0685086,"Whitehawk CDP, California",B01001_001,66,48
0685208,"Whitewater CDP, California",B01001_001,976,193
0685222,"Whitley Gardens CDP, California",B01001_001,164,138
0685292,"Whittier city, California",B01001_001,86523,53
0685446,"Wildomar city, California",B01001_001,36162,80
0685551,"Wilkerson CDP, California",B01001_001,431,95
0685586,"Williams city, California",B01001_001,5223,19
0685600,"Willits city, California",B01001_001,4893,18
0685614,"Willowbrook CDP, California",B01001_001,22402,1208
0685642,"Willow Creek CDP, California",B01001_001,1539,456
0685684,"Willows city, California",B01001_001,6022,24
0685866,"Wilsonia CDP, California",B01001_001,0,12
0685880,"Wilton CDP, California",B01001_001,5307,508
0685894,"Winchester CDP, California",B01001_001,2931,944
0685922,"Windsor town, California",B01001_001,27506,39
0685992,"Winter Gardens CDP, California",B01001_001,23088,1316
0686020,"Winterhaven CDP, California",B01001_001,210,100
0686034,"Winters city, California",B01001_001,7132,43
0686076,"Winton CDP, California",B01001_001,11761,955
0686174,"Wofford Heights CDP, California",B01001_001,1973,445
0686216,"Woodacre CDP, California",B01001_001,1303,272
0686230,"Woodbridge CDP, California",B01001_001,3865,346
0686244,"Woodcrest CDP, California",B01001_001,17310,1287
0686300,"Woodlake city, California",B01001_001,7636,18
0686328,"Woodland city, California",B01001_001,59044,39
0686380,"Woodlands CDP, California",B01001_001,1743,393
0686440,"Woodside town, California",B01001_001,5541,21
0686482,"Woodville CDP, California",B01001_001,1852,315
0686594,"Wrightwood CDP, California",B01001_001,4283,622
0686678,"Yankee Hill CDP, California",B01001_001,301,91
0686734,"Yettem CDP, California",B01001_001,441,408
0686804,"Yolo CDP, California",B01001_001,429,202
0686832,"Yorba Linda city, California",B01001_001,67815,100
0686878,"Yosemite Lakes CDP, California",B01001_001,5647,466
0686912,"Yosemite Valley CDP, California",B01001_001,1110,312
0686930,"Yountville city, California",B01001_001,2982,18
0686944,"Yreka city, California",B01001_001,7551,46
0686972,"Yuba City city, California",B01001_001,66388,48
0687042,"Yucaipa city, California",B01001_001,53264,36
0687056,"Yucca Valley town, California",B01001_001,21543,28
0687090,"Zayante CDP, California",B01001_001,939,212
